Time,W1,W2,W3,W4
20:47:20,2.0,3.0,3.0,3.0
20:47:25,3.0,3.0,1.0,1.0
20:47:30,2.0,5.0,0.0,3.0
20:47:35,3.0,5.0,2.0,0.0
20:47:40,3.0,4.0,2.0,3.0
20:47:45,4.0,4.0,4.0,4.0
20:47:50,7.0,4.0,4.0,1.0
20:47:55,4.0,3.0,5.0,5.0
20:48:00,3.0,4.0,1.0,2.0
20:48:05,3.0,1.0,3.0,2.0
20:48:10,2.0,4.0,2.0,3.0
20:48:15,3.0,6.0,2.0,2.0
20:48:20,2.0,5.0,2.0,8.0
20:48:25,3.0,1.0,4.0,5.0
20:48:30,1.0,5.0,2.0,4.0
20:48:35,3.0,0.0,4.0,5.0
20:48:40,,,,
20:48:45,5.0,3.0,3.0,6.0
20:48:50,4.0,3.0,4.0,3.0
20:48:55,4.0,4.0,2.0,4.0
20:49:00,3.0,4.0,1.0,0.0
20:49:05,1.0,1.0,2.0,1.0
20:49:10,2.0,2.0,4.0,2.0
20:49:15,3.0,3.0,1.0,3.0
20:49:20,2.0,5.0,1.0,1.0
20:49:25,0.0,7.0,0.0,1.0
20:49:30,4.0,7.0,2.0,3.0
20:49:35,4.0,6.0,3.0,3.0
20:49:40,6.0,5.0,2.0,4.0
20:49:45,5.0,6.0,1.0,4.0
20:49:50,4.0,2.0,1.0,3.0
20:49:55,5.0,8.0,2.0,5.0
20:50:00,3.0,5.0,1.0,1.0
20:50:05,4.0,3.0,1.0,5.0
20:50:10,3.0,4.0,2.0,6.0
20:50:15,5.0,3.0,3.0,6.0
20:50:20,5.0,1.0,4.0,1.0
20:50:25,3.0,5.0,2.0,2.0
20:50:30,3.0,2.0,6.0,2.0
20:50:35,1.0,3.0,2.0,2.0
20:50:40,3.0,3.0,5.0,4.0
20:50:45,5.0,6.0,3.0,3.0
20:50:50,1.0,4.0,3.0,3.0
20:50:55,4.0,1.0,3.0,1.0
20:51:00,4.0,1.0,3.0,5.0
20:51:05,3.0,1.0,2.0,2.0
20:51:10,3.0,0.0,3.0,3.0
20:51:15,1.0,0.0,3.0,3.0
20:51:20,0.0,0.0,3.0,0.0
20:51:25,0.0,1.0,3.0,5.0
20:51:30,0.0,2.0,4.0,5.0
20:51:35,0.0,1.0,4.0,2.0
20:51:40,0.0,1.0,4.0,1.0
20:51:45,3.0,4.0,1.0,2.0
20:51:50,0.0,4.0,2.0,3.0
20:51:55,2.0,4.0,5.0,2.0
20:52:00,4.0,7.0,2.0,4.0
20:52:05,4.0,4.0,4.0,1.0
20:52:10,4.0,4.0,1.0,1.0
20:52:15,5.0,5.0,1.0,1.0
20:52:20,4.0,4.0,1.0,1.0
20:52:25,7.0,5.0,1.0,3.0
20:52:30,4.0,4.0,2.0,3.0
20:52:35,3.0,3.0,2.0,5.0
20:52:40,3.0,1.0,2.0,3.0
20:52:45,1.0,5.0,0.0,3.0
20:52:50,3.0,4.0,2.0,4.0
20:52:55,3.0,4.0,4.0,3.0
20:53:00,1.0,5.0,1.0,1.0
20:53:05,0.0,3.0,3.0,3.0
20:53:10,5.0,8.0,0.0,2.0
20:53:15,6.0,3.0,1.0,6.0
20:53:20,3.0,1.0,3.0,3.0
20:53:25,3.0,4.0,3.0,3.0
20:53:30,4.0,4.0,3.0,2.0
20:53:35,2.0,1.0,2.0,1.0
20:53:40,3.0,2.0,2.0,5.0
20:53:45,0.0,4.0,6.0,4.0
20:53:50,3.0,3.0,2.0,5.0
20:53:55,2.0,3.0,3.0,2.0
20:54:00,5.0,3.0,3.0,2.0
20:54:05,3.0,3.0,1.0,3.0
20:54:10,1.0,4.0,3.0,1.0
20:54:15,2.0,4.0,1.0,1.0
20:54:20,2.0,1.0,3.0,2.0
20:54:25,3.0,1.0,5.0,4.0
20:54:30,3.0,0.0,4.0,5.0
20:54:35,4.0,3.0,3.0,3.0
20:54:40,1.0,1.0,1.0,3.0
20:54:45,1.0,5.0,4.0,2.0
20:54:50,2.0,1.0,5.0,2.0
20:54:55,2.0,6.0,0.0,4.0
20:55:00,2.0,2.0,2.0,6.0
20:55:05,5.0,4.0,2.0,4.0
20:55:10,1.0,2.0,5.0,4.0
20:55:15,6.0,2.0,3.0,2.0
20:55:20,3.0,3.0,0.0,2.0
20:55:25,3.0,6.0,0.0,4.0
20:55:30,2.0,4.0,3.0,1.0
20:55:35,4.0,3.0,1.0,1.0
20:55:40,3.0,3.0,1.0,4.0
20:55:45,5.0,5.0,7.0,5.0
20:55:50,3.0,1.0,3.0,6.0
20:55:55,3.0,2.0,4.0,4.0
20:56:00,3.0,7.0,5.0,2.0
20:56:05,1.0,3.0,2.0,4.0
20:56:10,2.0,5.0,2.0,3.0
20:56:15,6.0,5.0,1.0,3.0
20:56:20,4.0,6.0,3.0,1.0
20:56:25,2.0,2.0,5.0,4.0
20:56:30,1.0,6.0,4.0,1.0
20:56:35,4.0,2.0,2.0,1.0
20:56:40,7.0,5.0,4.0,3.0
20:56:45,3.0,2.0,4.0,3.0
20:56:50,4.0,2.0,2.0,1.0
20:56:55,3.0,2.0,2.0,1.0
20:57:00,4.0,2.0,0.0,4.0
20:57:05,2.0,3.0,2.0,4.0
20:57:10,0.0,5.0,3.0,2.0
20:57:15,2.0,5.0,3.0,4.0
20:57:20,3.0,1.0,3.0,7.0
20:57:25,3.0,5.0,3.0,5.0
20:57:30,6.0,4.0,4.0,3.0
20:57:35,5.0,2.0,0.0,4.0
20:57:40,5.0,5.0,3.0,3.0
20:57:45,1.0,4.0,3.0,2.0
20:57:50,0.0,1.0,3.0,1.0
20:57:55,2.0,4.0,3.0,2.0
20:58:00,7.0,3.0,5.0,4.0
20:58:05,3.0,3.0,0.0,2.0
20:58:10,4.0,3.0,5.0,4.0
20:58:15,5.0,4.0,4.0,1.0
20:58:20,2.0,1.0,1.0,5.0
20:58:25,4.0,4.0,1.0,3.0
20:58:30,1.0,2.0,4.0,1.0
20:58:35,4.0,2.0,2.0,4.0
20:58:40,2.0,5.0,2.0,2.0
20:58:45,2.0,5.0,5.0,6.0
20:58:50,2.0,3.0,2.0,5.0
20:58:55,4.0,0.0,2.0,5.0
20:59:00,2.0,6.0,2.0,3.0
20:59:05,3.0,2.0,2.0,5.0
20:59:10,4.0,3.0,2.0,2.0
20:59:15,1.0,6.0,2.0,4.0
20:59:20,4.0,1.0,2.0,2.0
20:59:25,3.0,5.0,6.0,1.0
20:59:30,6.0,5.0,1.0,4.0
20:59:35,3.0,7.0,1.0,4.0
20:59:40,3.0,4.0,3.0,6.0
20:59:45,5.0,7.0,2.0,2.0
20:59:50,4.0,6.0,4.0,3.0
20:59:55,4.0,4.0,4.0,4.0
21:00:00,1.0,5.0,5.0,5.0
21:00:05,2.0,4.0,3.0,1.0
21:00:10,3.0,4.0,6.0,3.0
21:00:15,3.0,5.0,2.0,3.0
21:00:20,3.0,5.0,3.0,6.0
21:00:25,4.0,4.0,3.0,4.0
21:00:30,0.0,3.0,1.0,4.0
21:00:35,0.0,1.0,4.0,4.0
21:00:40,2.0,1.0,3.0,3.0
21:00:45,2.0,0.0,4.0,5.0
21:00:50,1.0,2.0,3.0,5.0
21:00:55,0.0,2.0,3.0,1.0
21:01:00,2.0,2.0,2.0,3.0
21:01:05,2.0,7.0,2.0,3.0
21:01:10,2.0,5.0,3.0,3.0
21:01:15,1.0,4.0,3.0,3.0
21:01:20,2.0,2.0,4.0,4.0
21:01:25,4.0,5.0,6.0,6.0
21:01:30,4.0,3.0,3.0,2.0
21:01:35,6.0,6.0,4.0,6.0
21:01:40,3.0,4.0,1.0,1.0
21:01:45,6.0,2.0,2.0,3.0
21:01:50,5.0,4.0,2.0,4.0
21:01:55,3.0,3.0,3.0,2.0
21:02:00,4.0,3.0,4.0,2.0
21:02:05,2.0,3.0,4.0,5.0
21:02:10,4.0,5.0,4.0,3.0
21:02:15,4.0,6.0,1.0,1.0
21:02:20,2.0,6.0,3.0,0.0
21:02:25,4.0,4.0,1.0,4.0
21:02:30,2.0,5.0,1.0,4.0
21:02:35,3.0,7.0,3.0,1.0
21:02:40,3.0,6.0,0.0,3.0
21:02:45,5.0,7.0,3.0,5.0
21:02:50,4.0,2.0,1.0,2.0
21:02:55,6.0,2.0,1.0,0.0
21:03:00,5.0,4.0,1.0,2.0
21:03:05,5.0,5.0,3.0,8.0
21:03:10,3.0,6.0,2.0,2.0
21:03:15,3.0,4.0,2.0,3.0
21:03:20,3.0,4.0,2.0,4.0
21:03:25,3.0,2.0,3.0,2.0
21:03:30,4.0,6.0,2.0,0.0
21:03:35,3.0,4.0,4.0,3.0
21:03:40,0.0,4.0,3.0,1.0
21:03:45,3.0,3.0,3.0,1.0
21:03:50,5.0,3.0,4.0,3.0
21:03:55,5.0,6.0,3.0,3.0
21:04:00,4.0,1.0,2.0,1.0
21:04:05,2.0,2.0,2.0,4.0
21:04:10,5.0,3.0,0.0,2.0
21:04:15,4.0,1.0,4.0,2.0
21:04:20,3.0,2.0,4.0,1.0
21:04:25,1.0,5.0,3.0,2.0
21:04:30,2.0,2.0,1.0,4.0
21:04:35,5.0,4.0,2.0,6.0
21:04:40,4.0,6.0,1.0,4.0
21:04:45,2.0,6.0,3.0,6.0
21:04:50,4.0,2.0,1.0,2.0
21:04:55,2.0,1.0,0.0,4.0
21:05:00,5.0,2.0,4.0,4.0
21:05:05,,,,
21:05:10,2.0,5.0,3.0,1.0
21:05:15,0.0,1.0,3.0,1.0
21:05:20,2.0,4.0,3.0,3.0
21:05:25,2.0,2.0,3.0,4.0
21:05:30,4.0,7.0,2.0,4.0
21:05:35,2.0,3.0,4.0,4.0
21:05:40,4.0,4.0,3.0,1.0
21:05:45,3.0,5.0,2.0,3.0
21:05:50,2.0,2.0,2.0,2.0
21:05:55,8.0,3.0,1.0,1.0
21:06:00,3.0,3.0,2.0,3.0
21:06:05,6.0,4.0,1.0,3.0
21:06:10,3.0,4.0,3.0,1.0
21:06:15,1.0,4.0,3.0,2.0
21:06:20,3.0,9.0,2.0,5.0
21:06:25,2.0,7.0,1.0,1.0
21:06:30,7.0,6.0,2.0,1.0
21:06:35,5.0,1.0,2.0,3.0
21:06:40,4.0,4.0,4.0,2.0
21:06:45,5.0,3.0,0.0,5.0
21:06:50,4.0,5.0,1.0,3.0
21:06:55,3.0,4.0,1.0,4.0
21:07:00,3.0,5.0,2.0,2.0
21:07:05,3.0,4.0,1.0,2.0
21:07:10,6.0,3.0,1.0,1.0
21:07:15,4.0,3.0,1.0,5.0
21:07:20,5.0,4.0,1.0,4.0
21:07:25,3.0,0.0,3.0,4.0
21:07:30,3.0,1.0,3.0,6.0
21:07:35,1.0,4.0,4.0,2.0
21:07:40,1.0,2.0,0.0,2.0
21:07:45,1.0,2.0,4.0,5.0
21:07:50,0.0,3.0,2.0,3.0
21:07:55,4.0,5.0,5.0,0.0
21:08:00,2.0,5.0,4.0,3.0
21:08:05,5.0,0.0,5.0,0.0
21:08:10,1.0,3.0,3.0,1.0
21:08:15,,,,
21:08:20,4.0,1.0,3.0,3.0
21:08:25,3.0,2.0,3.0,4.0
21:08:30,2.0,1.0,1.0,5.0
21:08:35,2.0,2.0,1.0,4.0
21:08:40,2.0,4.0,3.0,0.0
21:08:45,0.0,4.0,1.0,2.0
21:08:50,1.0,5.0,3.0,4.0
21:08:55,5.0,0.0,2.0,2.0
21:09:00,4.0,5.0,3.0,3.0
21:09:05,3.0,7.0,4.0,3.0
21:09:10,5.0,6.0,4.0,2.0
21:09:15,3.0,5.0,3.0,6.0
21:09:20,1.0,5.0,3.0,3.0
21:09:25,3.0,8.0,3.0,6.0
21:09:30,5.0,4.0,2.0,3.0
21:09:35,5.0,2.0,2.0,1.0
21:09:40,4.0,4.0,1.0,4.0
21:09:45,3.0,4.0,1.0,4.0
21:09:50,5.0,5.0,3.0,3.0
21:09:55,3.0,4.0,2.0,2.0
21:10:00,4.0,5.0,3.0,1.0
21:10:05,4.0,6.0,3.0,2.0
21:10:10,4.0,5.0,3.0,1.0
21:10:15,3.0,4.0,2.0,4.0
21:10:20,4.0,0.0,5.0,2.0
21:10:25,6.0,1.0,2.0,0.0
21:10:30,4.0,3.0,3.0,3.0
21:10:35,1.0,7.0,1.0,3.0
21:10:40,0.0,3.0,2.0,3.0
21:10:45,4.0,7.0,4.0,3.0
21:10:50,2.0,2.0,2.0,0.0
21:10:55,5.0,1.0,1.0,0.0
21:11:00,3.0,5.0,1.0,1.0
21:11:05,4.0,4.0,1.0,6.0
21:11:10,2.0,1.0,3.0,2.0
21:11:15,4.0,2.0,1.0,0.0
21:11:20,5.0,3.0,2.0,1.0
21:11:25,4.0,4.0,2.0,3.0
21:11:30,0.0,1.0,2.0,3.0
21:11:35,0.0,2.0,2.0,6.0
21:11:40,0.0,2.0,2.0,7.0
21:11:45,3.0,2.0,1.0,1.0
21:11:50,3.0,7.0,2.0,3.0
21:11:55,3.0,0.0,2.0,2.0
21:12:00,1.0,1.0,3.0,6.0
21:12:05,4.0,2.0,5.0,4.0
21:12:10,3.0,2.0,3.0,0.0
21:12:15,2.0,6.0,5.0,3.0
21:12:20,2.0,2.0,3.0,2.0
21:12:25,1.0,6.0,4.0,7.0
21:12:30,4.0,4.0,5.0,6.0
21:12:35,4.0,5.0,1.0,3.0
21:12:40,2.0,7.0,4.0,1.0
21:12:45,4.0,4.0,2.0,2.0
21:12:50,3.0,3.0,4.0,2.0
21:12:55,5.0,4.0,3.0,4.0
21:13:00,4.0,2.0,5.0,2.0
21:13:05,4.0,3.0,4.0,6.0
21:13:10,5.0,3.0,1.0,4.0
21:13:15,2.0,6.0,2.0,0.0
21:13:20,3.0,5.0,1.0,2.0
21:13:25,3.0,4.0,1.0,5.0
21:13:30,4.0,7.0,1.0,7.0
21:13:35,3.0,7.0,3.0,3.0
21:13:40,3.0,7.0,4.0,3.0
21:13:45,3.0,1.0,1.0,5.0
21:13:50,3.0,1.0,3.0,5.0
21:13:55,6.0,1.0,2.0,4.0
21:14:00,2.0,5.0,1.0,3.0
21:14:05,1.0,1.0,4.0,3.0
21:14:10,2.0,7.0,2.0,1.0
21:14:15,3.0,5.0,6.0,4.0
21:14:20,3.0,5.0,3.0,1.0
21:14:25,6.0,3.0,2.0,2.0
21:14:30,5.0,4.0,2.0,2.0
21:14:35,6.0,3.0,4.0,3.0
21:14:40,3.0,5.0,1.0,5.0
21:14:45,3.0,3.0,3.0,4.0
21:14:50,1.0,5.0,4.0,1.0
21:14:55,3.0,7.0,1.0,1.0
21:15:00,5.0,4.0,5.0,4.0
21:15:05,4.0,6.0,2.0,4.0
21:15:10,6.0,3.0,2.0,3.0
21:15:15,3.0,6.0,2.0,3.0
21:15:20,4.0,2.0,1.0,3.0
21:15:25,3.0,2.0,3.0,3.0
21:15:30,4.0,2.0,5.0,3.0
21:15:35,4.0,4.0,5.0,6.0
21:15:40,1.0,2.0,2.0,4.0
21:15:45,4.0,3.0,2.0,4.0
21:15:50,1.0,3.0,2.0,1.0
21:15:55,1.0,3.0,1.0,6.0
21:16:00,4.0,3.0,2.0,3.0
21:16:05,3.0,3.0,4.0,2.0
21:16:10,3.0,3.0,3.0,4.0
21:16:15,2.0,1.0,2.0,4.0
21:16:20,4.0,4.0,2.0,3.0
21:16:25,2.0,5.0,3.0,4.0
21:16:30,4.0,7.0,2.0,3.0
21:16:35,2.0,6.0,7.0,7.0
21:16:40,4.0,1.0,5.0,2.0
21:16:45,4.0,5.0,3.0,4.0
21:16:50,4.0,5.0,2.0,4.0
21:16:55,6.0,0.0,4.0,4.0
21:17:00,2.0,3.0,2.0,4.0
21:17:05,5.0,2.0,3.0,4.0
21:17:10,2.0,1.0,5.0,3.0
21:17:15,3.0,6.0,2.0,4.0
21:17:20,3.0,4.0,2.0,5.0
21:17:25,1.0,4.0,2.0,2.0
21:17:30,4.0,4.0,3.0,4.0
21:17:35,3.0,6.0,4.0,4.0
21:17:40,3.0,7.0,4.0,2.0
21:17:45,2.0,3.0,2.0,2.0
21:17:50,2.0,5.0,4.0,3.0
21:17:55,3.0,4.0,1.0,4.0
21:18:00,3.0,3.0,4.0,4.0
21:18:05,2.0,2.0,1.0,3.0
21:18:10,4.0,5.0,5.0,3.0
21:18:15,2.0,3.0,5.0,3.0
21:18:20,3.0,4.0,3.0,2.0
21:18:25,4.0,4.0,2.0,0.0
21:18:30,2.0,2.0,5.0,2.0
21:18:35,3.0,3.0,2.0,4.0
21:18:40,1.0,3.0,0.0,4.0
21:18:45,3.0,4.0,2.0,3.0
21:18:50,5.0,3.0,1.0,5.0
21:18:55,2.0,1.0,3.0,2.0
21:19:00,2.0,1.0,2.0,1.0
21:19:05,5.0,1.0,1.0,2.0
21:19:10,5.0,4.0,3.0,5.0
21:19:15,1.0,2.0,3.0,2.0
21:19:20,0.0,3.0,2.0,3.0
21:19:25,2.0,4.0,3.0,2.0
21:19:30,3.0,4.0,2.0,2.0
21:19:35,5.0,6.0,0.0,2.0
21:19:40,2.0,4.0,1.0,8.0
21:19:45,4.0,6.0,1.0,2.0
21:19:50,3.0,7.0,3.0,4.0
21:19:55,4.0,6.0,2.0,2.0
21:20:00,6.0,6.0,3.0,4.0
21:20:05,5.0,5.0,5.0,2.0
21:20:10,3.0,5.0,4.0,4.0
21:20:15,4.0,5.0,2.0,5.0
21:20:20,3.0,3.0,4.0,2.0
21:20:25,5.0,7.0,3.0,4.0
21:20:30,4.0,2.0,3.0,2.0
21:20:35,6.0,4.0,3.0,4.0
21:20:40,3.0,4.0,2.0,0.0
21:20:45,2.0,2.0,5.0,2.0
21:20:50,5.0,4.0,0.0,3.0
21:20:55,4.0,0.0,5.0,5.0
21:21:00,2.0,5.0,2.0,4.0
21:21:05,4.0,3.0,3.0,5.0
21:21:10,1.0,3.0,2.0,3.0
21:21:15,3.0,1.0,3.0,4.0
21:21:20,2.0,5.0,2.0,5.0
21:21:25,1.0,3.0,3.0,0.0
21:21:30,5.0,3.0,2.0,5.0
21:21:35,4.0,2.0,4.0,2.0
21:21:40,3.0,4.0,1.0,1.0
21:21:45,1.0,3.0,3.0,7.0
21:21:50,4.0,5.0,1.0,1.0
21:21:55,3.0,4.0,2.0,0.0
21:22:00,3.0,0.0,1.0,1.0
21:22:05,5.0,5.0,2.0,4.0
21:22:10,1.0,2.0,1.0,1.0
21:22:15,2.0,5.0,4.0,5.0
21:22:20,2.0,4.0,6.0,1.0
21:22:25,3.0,5.0,3.0,3.0
21:22:30,3.0,2.0,3.0,7.0
21:22:35,4.0,3.0,2.0,2.0
21:22:40,,,,
21:22:45,1.0,5.0,0.0,1.0
21:22:50,2.0,3.0,4.0,6.0
21:22:55,5.0,0.0,3.0,3.0
21:23:00,4.0,2.0,3.0,1.0
21:23:05,3.0,1.0,4.0,5.0
21:23:10,3.0,3.0,2.0,4.0
21:23:15,1.0,3.0,6.0,1.0
21:23:20,2.0,6.0,3.0,3.0
21:23:25,2.0,4.0,1.0,2.0
21:23:30,3.0,2.0,0.0,2.0
21:23:35,4.0,1.0,2.0,3.0
21:23:40,3.0,3.0,2.0,0.0
21:23:45,2.0,4.0,2.0,2.0
21:23:50,1.0,5.0,2.0,5.0
21:23:55,2.0,3.0,5.0,0.0
21:24:00,2.0,5.0,1.0,3.0
21:24:05,4.0,4.0,3.0,2.0
21:24:10,2.0,5.0,3.0,4.0
21:24:15,3.0,5.0,1.0,2.0
21:24:20,5.0,1.0,1.0,1.0
21:24:25,3.0,3.0,2.0,3.0
21:24:30,4.0,1.0,2.0,0.0
21:24:35,2.0,5.0,1.0,0.0
21:24:40,1.0,5.0,2.0,6.0
21:24:45,2.0,0.0,4.0,4.0
21:24:50,2.0,1.0,2.0,6.0
21:24:55,5.0,1.0,2.0,3.0
21:25:00,2.0,4.0,1.0,7.0
21:25:05,0.0,3.0,2.0,3.0
21:25:10,4.0,3.0,0.0,5.0
21:25:15,2.0,4.0,4.0,3.0
21:25:20,3.0,4.0,5.0,4.0
21:25:25,3.0,4.0,1.0,3.0
21:25:30,4.0,2.0,2.0,1.0
21:25:35,2.0,4.0,1.0,4.0
21:25:40,6.0,2.0,1.0,2.0
21:25:45,4.0,4.0,6.0,3.0
21:25:50,5.0,0.0,1.0,6.0
21:25:55,3.0,4.0,4.0,1.0
21:26:00,1.0,6.0,3.0,2.0
21:26:05,5.0,1.0,3.0,2.0
21:26:10,2.0,5.0,4.0,4.0
21:26:15,2.0,2.0,1.0,3.0
21:26:20,4.0,4.0,3.0,0.0
21:26:25,2.0,1.0,3.0,5.0
21:26:30,4.0,8.0,1.0,5.0
21:26:35,2.0,5.0,2.0,4.0
21:26:40,2.0,5.0,4.0,2.0
21:26:45,3.0,2.0,5.0,3.0
21:26:50,3.0,5.0,2.0,2.0
21:26:55,1.0,3.0,3.0,5.0
21:27:00,5.0,4.0,1.0,5.0
21:27:05,5.0,6.0,5.0,3.0
21:27:10,5.0,4.0,2.0,2.0
21:27:15,2.0,0.0,2.0,3.0
21:27:20,2.0,5.0,2.0,4.0
21:27:25,7.0,3.0,2.0,3.0
21:27:30,1.0,6.0,2.0,1.0
21:27:35,2.0,2.0,2.0,4.0
21:27:40,3.0,1.0,1.0,4.0
21:27:45,3.0,4.0,3.0,3.0
21:27:50,5.0,3.0,5.0,5.0
21:27:55,3.0,6.0,2.0,4.0
21:28:00,0.0,4.0,3.0,3.0
21:28:05,2.0,5.0,4.0,3.0
21:28:10,4.0,3.0,0.0,1.0
21:28:15,5.0,2.0,2.0,4.0
21:28:20,3.0,2.0,1.0,5.0
21:28:25,4.0,3.0,4.0,2.0
21:28:30,1.0,0.0,4.0,3.0
21:28:35,2.0,4.0,3.0,2.0
21:28:40,3.0,4.0,4.0,1.0
21:28:45,0.0,4.0,4.0,3.0
21:28:50,1.0,3.0,3.0,3.0
21:28:55,3.0,4.0,0.0,1.0
21:29:00,2.0,4.0,5.0,2.0
21:29:05,3.0,3.0,0.0,3.0
21:29:10,3.0,7.0,2.0,5.0
21:29:15,5.0,1.0,1.0,5.0
21:29:20,3.0,5.0,1.0,4.0
21:29:25,2.0,5.0,2.0,1.0
21:29:30,4.0,4.0,1.0,3.0
21:29:35,4.0,0.0,4.0,3.0
21:29:40,2.0,4.0,1.0,0.0
21:29:45,2.0,4.0,4.0,1.0
21:29:50,3.0,2.0,5.0,1.0
21:29:55,3.0,3.0,1.0,3.0
21:30:00,5.0,3.0,4.0,5.0
21:30:05,5.0,3.0,1.0,0.0
21:30:10,3.0,3.0,1.0,2.0
21:30:15,2.0,4.0,4.0,2.0
21:30:20,4.0,2.0,2.0,3.0
21:30:25,3.0,4.0,0.0,2.0
21:30:30,3.0,2.0,5.0,1.0
21:30:35,1.0,2.0,0.0,3.0
21:30:40,2.0,3.0,0.0,4.0
21:30:45,3.0,2.0,2.0,3.0
21:30:50,5.0,6.0,3.0,3.0
21:30:55,2.0,5.0,1.0,3.0
21:31:00,5.0,5.0,1.0,3.0
21:31:05,2.0,5.0,3.0,3.0
21:31:10,4.0,4.0,1.0,1.0
21:31:15,2.0,6.0,2.0,4.0
21:31:20,3.0,3.0,1.0,3.0
21:31:25,4.0,3.0,2.0,5.0
21:31:30,3.0,1.0,4.0,3.0
21:31:35,6.0,2.0,4.0,4.0
21:31:40,5.0,3.0,3.0,3.0
21:31:45,3.0,1.0,3.0,1.0
21:31:50,3.0,2.0,5.0,2.0
21:31:55,4.0,2.0,4.0,0.0
21:32:00,0.0,3.0,4.0,0.0
21:32:05,2.0,2.0,2.0,3.0
21:32:10,6.0,3.0,3.0,4.0
21:32:15,1.0,2.0,1.0,1.0
21:32:20,6.0,3.0,2.0,6.0
21:32:25,1.0,1.0,1.0,2.0
21:32:30,0.0,2.0,1.0,1.0
21:32:35,2.0,0.0,1.0,2.0
21:32:40,3.0,3.0,2.0,3.0
21:32:45,1.0,5.0,1.0,1.0
21:32:50,1.0,2.0,4.0,2.0
21:32:55,1.0,4.0,5.0,2.0
21:33:00,3.0,6.0,1.0,7.0
21:33:05,2.0,6.0,3.0,2.0
21:33:10,3.0,6.0,1.0,5.0
21:33:15,3.0,5.0,2.0,6.0
21:33:20,3.0,6.0,0.0,3.0
21:33:25,5.0,2.0,0.0,5.0
21:33:30,4.0,6.0,3.0,5.0
21:33:35,4.0,4.0,4.0,4.0
21:33:40,5.0,2.0,3.0,8.0
21:33:45,4.0,8.0,4.0,6.0
21:33:50,2.0,5.0,7.0,0.0
21:33:55,4.0,6.0,3.0,1.0
21:34:00,3.0,6.0,5.0,2.0
21:34:05,5.0,4.0,4.0,1.0
21:34:10,7.0,4.0,3.0,0.0
21:34:15,3.0,2.0,6.0,4.0
21:34:20,1.0,2.0,3.0,2.0
21:34:25,5.0,2.0,2.0,4.0
21:34:30,1.0,3.0,0.0,1.0
21:34:35,2.0,3.0,2.0,3.0
21:34:40,3.0,1.0,1.0,2.0
21:34:45,1.0,3.0,1.0,3.0
21:34:50,4.0,1.0,3.0,2.0
21:34:55,3.0,3.0,3.0,2.0
21:35:00,3.0,4.0,0.0,4.0
21:35:05,2.0,3.0,0.0,6.0
21:35:10,3.0,5.0,1.0,1.0
21:35:15,5.0,4.0,4.0,2.0
21:35:20,2.0,4.0,5.0,4.0
21:35:25,3.0,4.0,3.0,5.0
21:35:30,3.0,5.0,4.0,2.0
21:35:35,3.0,4.0,7.0,2.0
21:35:40,3.0,4.0,7.0,3.0
21:35:45,4.0,6.0,0.0,3.0
21:35:50,3.0,1.0,2.0,3.0
21:35:55,5.0,3.0,1.0,3.0
21:36:00,3.0,3.0,0.0,2.0
21:36:05,6.0,3.0,2.0,0.0
21:36:10,2.0,3.0,6.0,4.0
21:36:15,4.0,1.0,1.0,1.0
21:36:20,3.0,4.0,2.0,4.0
21:36:25,3.0,3.0,2.0,4.0
21:36:30,2.0,3.0,2.0,2.0
21:36:35,2.0,1.0,2.0,5.0
21:36:40,1.0,3.0,1.0,3.0
21:36:45,7.0,5.0,0.0,3.0
21:36:50,0.0,5.0,4.0,3.0
21:36:55,3.0,4.0,4.0,2.0
21:37:00,3.0,7.0,4.0,2.0
21:37:05,3.0,2.0,1.0,5.0
21:37:10,5.0,4.0,3.0,4.0
21:37:15,5.0,2.0,5.0,3.0
21:37:20,3.0,5.0,3.0,1.0
21:37:25,3.0,5.0,4.0,4.0
21:37:30,2.0,5.0,4.0,4.0
21:37:35,2.0,5.0,3.0,3.0
21:37:40,4.0,2.0,1.0,5.0
21:37:45,2.0,2.0,6.0,4.0
21:37:50,4.0,2.0,6.0,2.0
21:37:55,2.0,6.0,3.0,2.0
21:38:00,2.0,1.0,1.0,1.0
21:38:05,3.0,2.0,3.0,2.0
21:38:10,2.0,4.0,4.0,1.0
21:38:15,4.0,1.0,5.0,0.0
21:38:20,1.0,3.0,2.0,1.0
21:38:25,3.0,7.0,2.0,1.0
21:38:30,3.0,5.0,3.0,2.0
21:38:35,2.0,6.0,4.0,1.0
21:38:40,4.0,5.0,0.0,3.0
21:38:45,6.0,2.0,1.0,1.0
21:38:50,4.0,1.0,2.0,5.0
21:38:55,7.0,3.0,0.0,3.0
21:39:00,1.0,0.0,0.0,1.0
21:39:05,3.0,2.0,2.0,3.0
21:39:10,1.0,3.0,1.0,2.0
21:39:15,1.0,3.0,3.0,3.0
21:39:20,0.0,5.0,3.0,1.0
21:39:25,4.0,2.0,5.0,2.0
21:39:30,4.0,2.0,1.0,3.0
21:39:35,4.0,4.0,1.0,2.0
21:39:40,4.0,2.0,1.0,3.0
21:39:45,2.0,2.0,3.0,3.0
21:39:50,1.0,2.0,1.0,3.0
21:39:55,4.0,2.0,1.0,3.0
21:40:00,3.0,0.0,1.0,3.0
21:40:05,1.0,3.0,2.0,3.0
21:40:10,2.0,1.0,2.0,1.0
21:40:15,1.0,3.0,2.0,3.0
21:40:20,2.0,3.0,4.0,3.0
21:40:25,1.0,7.0,3.0,6.0
21:40:30,5.0,3.0,1.0,4.0
21:40:35,2.0,2.0,6.0,5.0
21:40:40,6.0,1.0,4.0,2.0
21:40:45,3.0,2.0,2.0,2.0
21:40:50,3.0,3.0,2.0,1.0
21:40:55,3.0,0.0,1.0,1.0
21:41:00,2.0,4.0,4.0,1.0
21:41:05,1.0,4.0,1.0,4.0
21:41:10,2.0,1.0,5.0,3.0
21:41:15,1.0,6.0,3.0,1.0
21:41:20,5.0,4.0,4.0,1.0
21:41:25,0.0,4.0,2.0,4.0
21:41:30,5.0,3.0,0.0,5.0
21:41:35,7.0,4.0,5.0,4.0
21:41:40,2.0,0.0,1.0,4.0
21:41:45,2.0,5.0,1.0,4.0
21:41:50,1.0,5.0,1.0,5.0
21:41:55,3.0,6.0,4.0,2.0
21:42:00,1.0,6.0,4.0,3.0
21:42:05,6.0,5.0,1.0,0.0
21:42:10,5.0,2.0,2.0,1.0
21:42:15,8.0,5.0,7.0,2.0
21:42:20,3.0,4.0,4.0,2.0
21:42:25,4.0,3.0,5.0,3.0
21:42:30,1.0,4.0,6.0,2.0
21:42:35,4.0,1.0,0.0,2.0
21:42:40,3.0,1.0,0.0,3.0
21:42:45,2.0,3.0,2.0,3.0
21:42:50,1.0,2.0,3.0,5.0
21:42:55,4.0,5.0,1.0,3.0
21:43:00,0.0,4.0,4.0,0.0
21:43:05,4.0,0.0,3.0,0.0
21:43:10,2.0,2.0,3.0,6.0
21:43:15,3.0,3.0,3.0,2.0
21:43:20,0.0,4.0,4.0,2.0
21:43:25,2.0,4.0,2.0,3.0
21:43:30,4.0,6.0,2.0,1.0
21:43:35,3.0,4.0,2.0,2.0
21:43:40,4.0,4.0,3.0,3.0
21:43:45,5.0,3.0,1.0,3.0
21:43:50,3.0,6.0,2.0,3.0
21:43:55,3.0,2.0,1.0,0.0
21:44:00,3.0,1.0,0.0,2.0
21:44:05,6.0,3.0,1.0,4.0
21:44:10,6.0,5.0,0.0,1.0
21:44:15,1.0,5.0,4.0,1.0
21:44:20,1.0,6.0,1.0,1.0
21:44:25,3.0,1.0,0.0,4.0
21:44:30,2.0,2.0,1.0,3.0
21:44:35,7.0,3.0,3.0,3.0
21:44:40,7.0,2.0,1.0,1.0
21:44:45,2.0,4.0,5.0,1.0
21:44:50,5.0,3.0,5.0,3.0
21:44:55,0.0,1.0,3.0,6.0
21:45:00,2.0,2.0,3.0,8.0
21:45:05,2.0,3.0,1.0,3.0
21:45:10,4.0,3.0,1.0,1.0
21:45:15,3.0,6.0,2.0,5.0
21:45:20,5.0,3.0,2.0,4.0
21:45:25,3.0,3.0,2.0,0.0
21:45:30,2.0,1.0,5.0,4.0
21:45:35,,,,
21:45:40,3.0,1.0,5.0,2.0
21:45:45,1.0,4.0,1.0,1.0
21:45:50,3.0,4.0,5.0,0.0
21:45:55,4.0,6.0,1.0,2.0
21:46:00,5.0,1.0,1.0,3.0
21:46:05,3.0,1.0,1.0,4.0
21:46:10,4.0,3.0,5.0,3.0
21:46:15,6.0,3.0,1.0,3.0
21:46:20,1.0,3.0,0.0,3.0
21:46:25,0.0,2.0,2.0,3.0
21:46:30,4.0,3.0,0.0,1.0
21:46:35,3.0,4.0,3.0,3.0
21:46:40,3.0,2.0,3.0,1.0
21:46:45,4.0,7.0,2.0,1.0
21:46:50,2.0,3.0,0.0,1.0
21:46:55,2.0,6.0,2.0,1.0
21:47:00,2.0,4.0,3.0,5.0
21:47:05,3.0,7.0,1.0,3.0
21:47:10,6.0,3.0,2.0,1.0
21:47:15,3.0,3.0,1.0,0.0
21:47:20,2.0,1.0,0.0,6.0
21:47:25,2.0,3.0,2.0,6.0
21:47:30,3.0,4.0,4.0,5.0
21:47:35,0.0,4.0,0.0,1.0
21:47:40,3.0,5.0,1.0,3.0
21:47:45,2.0,3.0,0.0,2.0
21:47:50,4.0,3.0,3.0,2.0
21:47:55,3.0,1.0,3.0,2.0
21:48:00,5.0,4.0,6.0,3.0
21:48:05,5.0,4.0,5.0,1.0
21:48:10,3.0,6.0,5.0,3.0
21:48:15,1.0,5.0,2.0,0.0
21:48:20,3.0,3.0,1.0,5.0
21:48:25,3.0,2.0,1.0,1.0
21:48:30,5.0,3.0,3.0,5.0
21:48:35,2.0,1.0,0.0,4.0
21:48:40,1.0,3.0,0.0,3.0
21:48:45,4.0,1.0,2.0,3.0
21:48:50,2.0,3.0,3.0,6.0
21:48:55,2.0,5.0,0.0,6.0
21:49:00,1.0,4.0,3.0,4.0
21:49:05,4.0,3.0,2.0,3.0
21:49:10,4.0,7.0,2.0,0.0
21:49:15,5.0,2.0,3.0,2.0
21:49:20,2.0,2.0,2.0,1.0
21:49:25,5.0,1.0,1.0,2.0
21:49:30,4.0,2.0,2.0,0.0
21:49:35,5.0,4.0,3.0,3.0
21:49:40,1.0,3.0,2.0,5.0
21:49:45,3.0,5.0,2.0,4.0
21:49:50,1.0,4.0,4.0,4.0
21:49:55,5.0,6.0,4.0,3.0
21:50:00,3.0,2.0,1.0,4.0
21:50:05,3.0,6.0,1.0,3.0
21:50:10,6.0,2.0,4.0,3.0
21:50:15,3.0,3.0,2.0,3.0
21:50:20,3.0,2.0,5.0,4.0
21:50:25,4.0,3.0,4.0,1.0
21:50:30,2.0,4.0,1.0,4.0
21:50:35,2.0,3.0,3.0,2.0
21:50:40,3.0,3.0,3.0,2.0
21:50:45,0.0,4.0,2.0,3.0
21:50:50,3.0,7.0,2.0,3.0
21:50:55,5.0,6.0,2.0,1.0
21:51:00,4.0,4.0,3.0,2.0
21:51:05,3.0,1.0,1.0,3.0
21:51:10,5.0,3.0,1.0,1.0
21:51:15,3.0,3.0,3.0,2.0
21:51:20,4.0,3.0,3.0,3.0
21:51:25,4.0,4.0,2.0,3.0
21:51:30,2.0,4.0,0.0,3.0
21:51:35,2.0,4.0,1.0,2.0
21:51:40,3.0,4.0,2.0,4.0
21:51:45,3.0,4.0,1.0,4.0
21:51:50,4.0,5.0,5.0,4.0
21:51:55,2.0,3.0,1.0,5.0
21:52:00,3.0,4.0,0.0,1.0
21:52:05,6.0,5.0,3.0,6.0
21:52:10,4.0,2.0,3.0,3.0
21:52:15,3.0,3.0,3.0,3.0
21:52:20,4.0,5.0,5.0,4.0
21:52:25,2.0,4.0,4.0,5.0
21:52:30,3.0,1.0,5.0,2.0
21:52:35,4.0,2.0,3.0,2.0
21:52:40,5.0,5.0,5.0,2.0
21:52:45,0.0,4.0,2.0,3.0
21:52:50,4.0,2.0,3.0,3.0
21:52:55,6.0,1.0,3.0,4.0
21:53:00,3.0,3.0,1.0,4.0
21:53:05,2.0,2.0,4.0,1.0
21:53:10,2.0,3.0,1.0,1.0
21:53:15,2.0,2.0,2.0,5.0
21:53:20,1.0,3.0,4.0,0.0
21:53:25,1.0,5.0,3.0,2.0
21:53:30,4.0,5.0,0.0,4.0
21:53:35,3.0,1.0,3.0,3.0
21:53:40,4.0,3.0,3.0,3.0
21:53:45,2.0,4.0,1.0,5.0
21:53:50,2.0,4.0,3.0,3.0
21:53:55,3.0,5.0,0.0,2.0
21:54:00,6.0,3.0,6.0,3.0
21:54:05,4.0,5.0,1.0,4.0
21:54:10,5.0,1.0,4.0,7.0
21:54:15,4.0,6.0,5.0,2.0
21:54:20,0.0,3.0,1.0,0.0
21:54:25,4.0,1.0,3.0,1.0
21:54:30,2.0,6.0,1.0,2.0
21:54:35,3.0,5.0,5.0,3.0
21:54:40,2.0,1.0,2.0,2.0
21:54:45,4.0,3.0,4.0,4.0
21:54:50,2.0,3.0,2.0,2.0
21:54:55,4.0,6.0,2.0,2.0
21:55:00,2.0,3.0,1.0,2.0
21:55:05,3.0,5.0,3.0,1.0
21:55:10,2.0,4.0,3.0,1.0
21:55:15,1.0,5.0,2.0,1.0
21:55:20,1.0,6.0,1.0,2.0
21:55:25,5.0,6.0,2.0,3.0
21:55:30,5.0,5.0,3.0,4.0
21:55:35,2.0,4.0,2.0,0.0
21:55:40,3.0,3.0,2.0,4.0
21:55:45,5.0,2.0,2.0,2.0
21:55:50,4.0,5.0,0.0,4.0
21:55:55,3.0,3.0,0.0,4.0
21:56:00,3.0,4.0,2.0,1.0
21:56:05,5.0,6.0,0.0,3.0
21:56:10,2.0,2.0,2.0,2.0
21:56:15,5.0,2.0,1.0,2.0
21:56:20,2.0,2.0,1.0,0.0
21:56:25,3.0,2.0,3.0,1.0
21:56:30,2.0,2.0,4.0,3.0
21:56:35,1.0,2.0,3.0,2.0
21:56:40,5.0,1.0,0.0,6.0
21:56:45,2.0,2.0,2.0,4.0
21:56:50,3.0,3.0,0.0,2.0
21:56:55,1.0,3.0,3.0,4.0
21:57:00,3.0,3.0,0.0,3.0
21:57:05,1.0,5.0,2.0,4.0
21:57:10,2.0,3.0,3.0,4.0
21:57:15,1.0,3.0,4.0,0.0
21:57:20,2.0,4.0,2.0,3.0
21:57:25,4.0,2.0,2.0,1.0
21:57:30,1.0,3.0,1.0,4.0
21:57:35,4.0,2.0,5.0,2.0
21:57:40,2.0,3.0,3.0,0.0
21:57:45,4.0,6.0,4.0,1.0
21:57:50,0.0,2.0,3.0,1.0
21:57:55,3.0,3.0,1.0,3.0
21:58:00,4.0,2.0,2.0,4.0
21:58:05,2.0,4.0,3.0,2.0
21:58:10,2.0,5.0,1.0,4.0
21:58:15,3.0,3.0,1.0,3.0
21:58:20,3.0,6.0,2.0,1.0
21:58:25,2.0,2.0,3.0,1.0
21:58:30,3.0,1.0,0.0,3.0
21:58:35,3.0,5.0,3.0,3.0
21:58:40,3.0,3.0,0.0,2.0
21:58:45,1.0,4.0,5.0,1.0
21:58:50,1.0,2.0,3.0,4.0
21:58:55,1.0,1.0,0.0,4.0
21:59:00,3.0,5.0,0.0,4.0
21:59:05,3.0,5.0,2.0,3.0
21:59:10,1.0,3.0,2.0,4.0
21:59:15,2.0,5.0,3.0,5.0
21:59:20,,,,
21:59:25,5.0,3.0,1.0,6.0
21:59:30,4.0,4.0,1.0,3.0
21:59:35,4.0,3.0,0.0,2.0
21:59:40,1.0,1.0,2.0,2.0
21:59:45,4.0,0.0,1.0,1.0
21:59:50,2.0,1.0,4.0,1.0
21:59:55,1.0,1.0,3.0,2.0
22:00:00,1.0,2.0,4.0,3.0
22:00:05,1.0,5.0,4.0,3.0
22:00:10,2.0,1.0,4.0,6.0
22:00:15,1.0,4.0,1.0,0.0
22:00:20,4.0,0.0,5.0,2.0
22:00:25,4.0,3.0,2.0,1.0
22:00:30,2.0,5.0,1.0,2.0
22:00:35,1.0,2.0,2.0,2.0
22:00:40,2.0,0.0,3.0,0.0
22:00:45,6.0,3.0,3.0,1.0
22:00:50,1.0,2.0,2.0,0.0
22:00:55,2.0,7.0,0.0,4.0
22:01:00,2.0,5.0,1.0,2.0
22:01:05,2.0,3.0,1.0,4.0
22:01:10,4.0,6.0,1.0,2.0
22:01:15,4.0,4.0,2.0,5.0
22:01:20,4.0,2.0,0.0,1.0
22:01:25,6.0,0.0,2.0,3.0
22:01:30,3.0,2.0,3.0,1.0
22:01:35,1.0,4.0,0.0,5.0
22:01:40,2.0,6.0,3.0,5.0
22:01:45,2.0,2.0,1.0,6.0
22:01:50,3.0,0.0,2.0,3.0
22:01:55,4.0,3.0,2.0,3.0
22:02:00,2.0,3.0,3.0,1.0
22:02:05,1.0,2.0,4.0,2.0
22:02:10,1.0,1.0,3.0,1.0
22:02:15,2.0,0.0,3.0,0.0
22:02:20,3.0,0.0,6.0,2.0
22:02:25,3.0,3.0,3.0,4.0
22:02:30,0.0,4.0,0.0,0.0
22:02:35,1.0,1.0,0.0,4.0
22:02:40,1.0,1.0,2.0,1.0
22:02:45,1.0,0.0,1.0,1.0
22:02:50,1.0,1.0,1.0,3.0
22:02:55,4.0,5.0,2.0,3.0
22:03:00,0.0,5.0,1.0,0.0
22:03:05,1.0,3.0,3.0,0.0
22:03:10,2.0,5.0,2.0,1.0
22:03:15,3.0,6.0,1.0,2.0
22:03:20,4.0,3.0,2.0,3.0
22:03:25,4.0,4.0,1.0,4.0
22:03:30,4.0,6.0,0.0,5.0
22:03:35,4.0,6.0,0.0,1.0
22:03:40,4.0,2.0,2.0,1.0
22:03:45,4.0,3.0,2.0,0.0
22:03:50,4.0,1.0,1.0,2.0
22:03:55,3.0,2.0,3.0,0.0
22:04:00,2.0,3.0,3.0,2.0
22:04:05,2.0,2.0,4.0,1.0
22:04:10,2.0,4.0,1.0,2.0
22:04:15,1.0,4.0,3.0,1.0
22:04:20,4.0,6.0,0.0,2.0
22:04:25,2.0,3.0,0.0,2.0
22:04:30,5.0,3.0,0.0,2.0
22:04:35,0.0,2.0,2.0,0.0
22:04:40,4.0,4.0,0.0,4.0
22:04:45,1.0,3.0,1.0,2.0
22:04:50,1.0,2.0,2.0,3.0
22:04:55,5.0,0.0,3.0,2.0
22:05:00,1.0,2.0,2.0,1.0
22:05:05,1.0,1.0,1.0,2.0
22:05:10,2.0,2.0,1.0,2.0
22:05:15,2.0,2.0,3.0,2.0
22:05:20,2.0,3.0,2.0,3.0
22:05:25,2.0,1.0,2.0,3.0
22:05:30,1.0,2.0,0.0,2.0
22:05:35,2.0,2.0,0.0,2.0
22:05:40,4.0,2.0,4.0,2.0
22:05:45,1.0,4.0,3.0,4.0
22:05:50,0.0,2.0,1.0,4.0
22:05:55,2.0,3.0,2.0,5.0
22:06:00,3.0,1.0,2.0,6.0
22:06:05,2.0,3.0,4.0,5.0
22:06:10,2.0,5.0,1.0,5.0
22:06:15,3.0,1.0,1.0,4.0
22:06:20,2.0,2.0,5.0,3.0
22:06:25,3.0,1.0,3.0,2.0
22:06:30,4.0,3.0,4.0,1.0
22:06:35,2.0,0.0,3.0,3.0
22:06:40,2.0,4.0,5.0,2.0
22:06:45,0.0,1.0,3.0,4.0
22:06:50,2.0,2.0,0.0,1.0
22:06:55,2.0,4.0,2.0,3.0
22:07:00,0.0,2.0,3.0,1.0
22:07:05,2.0,3.0,2.0,3.0
22:07:10,2.0,1.0,2.0,2.0
22:07:15,1.0,1.0,4.0,8.0
22:07:20,1.0,3.0,2.0,1.0
22:07:25,3.0,4.0,2.0,3.0
22:07:30,2.0,6.0,0.0,2.0
22:07:35,2.0,4.0,0.0,3.0
22:07:40,5.0,2.0,4.0,1.0
22:07:45,2.0,3.0,6.0,0.0
22:07:50,3.0,2.0,3.0,3.0
22:07:55,3.0,2.0,2.0,2.0
22:08:00,5.0,3.0,1.0,3.0
22:08:05,4.0,3.0,1.0,6.0
22:08:10,2.0,4.0,3.0,2.0
22:08:15,4.0,5.0,1.0,2.0
22:08:20,2.0,3.0,1.0,2.0
22:08:25,4.0,2.0,4.0,4.0
22:08:30,4.0,5.0,2.0,5.0
22:08:35,3.0,2.0,3.0,1.0
22:08:40,3.0,1.0,4.0,0.0
22:08:45,3.0,3.0,1.0,1.0
22:08:50,1.0,4.0,2.0,4.0
22:08:55,1.0,4.0,2.0,4.0
22:09:00,2.0,5.0,2.0,2.0
22:09:05,4.0,0.0,4.0,4.0
22:09:10,2.0,5.0,2.0,2.0
22:09:15,3.0,5.0,0.0,2.0
22:09:20,4.0,4.0,2.0,3.0
22:09:25,1.0,8.0,0.0,3.0
22:09:30,4.0,5.0,3.0,3.0
22:09:35,3.0,1.0,3.0,1.0
22:09:40,3.0,1.0,2.0,1.0
22:09:45,3.0,4.0,5.0,3.0
22:09:50,4.0,2.0,1.0,1.0
22:09:55,2.0,3.0,1.0,2.0
22:10:00,1.0,3.0,2.0,1.0
22:10:05,4.0,5.0,1.0,3.0
22:10:10,1.0,0.0,1.0,7.0
22:10:15,3.0,5.0,2.0,1.0
22:10:20,5.0,3.0,3.0,2.0
22:10:25,1.0,2.0,1.0,1.0
22:10:30,2.0,3.0,1.0,4.0
22:10:35,4.0,3.0,4.0,4.0
22:10:40,,,,
22:10:45,4.0,7.0,1.0,2.0
22:10:50,2.0,6.0,3.0,4.0
22:10:55,3.0,3.0,4.0,0.0
22:11:00,5.0,2.0,4.0,3.0
22:11:05,5.0,6.0,7.0,5.0
22:11:10,3.0,0.0,2.0,2.0
22:11:15,3.0,4.0,2.0,0.0
22:11:20,3.0,2.0,5.0,3.0
22:11:25,0.0,2.0,1.0,1.0
22:11:30,3.0,6.0,3.0,2.0
22:11:35,1.0,2.0,0.0,1.0
22:11:40,4.0,2.0,3.0,1.0
22:11:45,5.0,3.0,3.0,2.0
22:11:50,2.0,5.0,0.0,2.0
22:11:55,2.0,1.0,0.0,2.0
22:12:00,2.0,1.0,0.0,0.0
22:12:05,3.0,5.0,0.0,2.0
22:12:10,5.0,5.0,0.0,0.0
22:12:15,2.0,4.0,4.0,0.0
22:12:20,2.0,3.0,3.0,1.0
22:12:25,5.0,6.0,2.0,1.0
22:12:30,5.0,3.0,2.0,0.0
22:12:35,3.0,6.0,0.0,4.0
22:12:40,3.0,2.0,0.0,2.0
22:12:45,5.0,3.0,0.0,4.0
22:12:50,4.0,1.0,0.0,1.0
22:12:55,4.0,6.0,3.0,1.0
22:13:00,3.0,1.0,1.0,0.0
22:13:05,1.0,3.0,1.0,5.0
22:13:10,2.0,3.0,4.0,0.0
22:13:15,2.0,5.0,4.0,1.0
22:13:20,1.0,5.0,3.0,2.0
22:13:25,1.0,5.0,0.0,2.0
22:13:30,2.0,5.0,2.0,4.0
22:13:35,3.0,2.0,0.0,5.0
22:13:40,4.0,1.0,2.0,2.0
22:13:45,6.0,2.0,2.0,1.0
22:13:50,2.0,4.0,2.0,5.0
22:13:55,1.0,2.0,1.0,3.0
22:14:00,1.0,1.0,2.0,3.0
22:14:05,0.0,6.0,6.0,4.0
22:14:10,3.0,4.0,2.0,2.0
22:14:15,2.0,4.0,5.0,3.0
22:14:20,2.0,3.0,1.0,0.0
22:14:25,3.0,3.0,2.0,1.0
22:14:30,7.0,3.0,1.0,2.0
22:14:35,2.0,3.0,2.0,4.0
22:14:40,,,,
22:14:45,1.0,1.0,4.0,4.0
22:14:50,4.0,3.0,0.0,1.0
22:14:55,3.0,0.0,1.0,4.0
22:15:00,2.0,1.0,3.0,0.0
22:15:05,4.0,4.0,1.0,2.0
22:15:10,1.0,1.0,1.0,2.0
22:15:15,2.0,3.0,2.0,0.0
22:15:20,2.0,1.0,0.0,2.0
22:15:25,1.0,7.0,1.0,1.0
22:15:30,3.0,1.0,3.0,1.0
22:15:35,1.0,4.0,2.0,3.0
22:15:40,4.0,3.0,3.0,1.0
22:15:45,4.0,2.0,2.0,6.0
22:15:50,3.0,3.0,1.0,4.0
22:15:55,6.0,2.0,1.0,1.0
22:16:00,4.0,1.0,1.0,1.0
22:16:05,3.0,2.0,5.0,4.0
22:16:10,2.0,4.0,3.0,3.0
22:16:15,2.0,3.0,1.0,0.0
22:16:20,3.0,2.0,3.0,1.0
22:16:25,2.0,2.0,2.0,3.0
22:16:30,1.0,2.0,3.0,0.0
22:16:35,3.0,2.0,4.0,1.0
22:16:40,1.0,3.0,2.0,1.0
22:16:45,3.0,0.0,2.0,0.0
22:16:50,2.0,0.0,0.0,3.0
22:16:55,0.0,0.0,2.0,2.0
22:17:00,0.0,1.0,3.0,3.0
22:17:05,0.0,1.0,1.0,5.0
22:17:10,0.0,5.0,1.0,2.0
22:17:15,1.0,3.0,0.0,3.0
22:17:20,3.0,5.0,1.0,3.0
22:17:25,1.0,6.0,2.0,1.0
22:17:30,4.0,6.0,3.0,5.0
22:17:35,4.0,5.0,3.0,3.0
22:17:40,3.0,1.0,1.0,2.0
22:17:45,4.0,6.0,4.0,2.0
22:17:50,5.0,2.0,1.0,1.0
22:17:55,3.0,5.0,3.0,2.0
22:18:00,2.0,6.0,4.0,1.0
22:18:05,5.0,4.0,2.0,1.0
22:18:10,4.0,3.0,2.0,2.0
22:18:15,4.0,3.0,2.0,2.0
22:18:20,2.0,0.0,1.0,3.0
22:18:25,3.0,4.0,1.0,2.0
22:18:30,3.0,4.0,1.0,3.0
22:18:35,2.0,4.0,2.0,1.0
22:18:40,4.0,2.0,1.0,3.0
22:18:45,2.0,2.0,2.0,0.0
22:18:50,3.0,7.0,2.0,1.0
22:18:55,3.0,0.0,4.0,4.0
22:19:00,2.0,3.0,1.0,3.0
22:19:05,3.0,5.0,3.0,2.0
22:19:10,1.0,2.0,1.0,2.0
22:19:15,3.0,2.0,0.0,2.0
22:19:20,4.0,2.0,1.0,1.0
22:19:25,3.0,5.0,3.0,2.0
22:19:30,6.0,4.0,3.0,2.0
22:19:35,1.0,3.0,1.0,1.0
22:19:40,5.0,3.0,1.0,1.0
22:19:45,3.0,3.0,2.0,3.0
22:19:50,3.0,6.0,1.0,6.0
22:19:55,2.0,3.0,1.0,4.0
22:20:00,3.0,1.0,0.0,2.0
22:20:05,3.0,3.0,3.0,3.0
22:20:10,3.0,1.0,3.0,4.0
22:20:15,4.0,7.0,1.0,4.0
22:20:20,0.0,3.0,4.0,3.0
22:20:25,2.0,3.0,1.0,3.0
22:20:30,2.0,1.0,1.0,1.0
22:20:35,4.0,3.0,1.0,3.0
22:20:40,5.0,0.0,1.0,3.0
22:20:45,2.0,2.0,4.0,3.0
22:20:50,2.0,0.0,3.0,2.0
22:20:55,1.0,2.0,2.0,3.0
22:21:00,1.0,2.0,4.0,4.0
22:21:05,1.0,4.0,3.0,6.0
22:21:10,1.0,2.0,3.0,4.0
22:21:15,3.0,0.0,0.0,0.0
22:21:20,1.0,3.0,2.0,5.0
22:21:25,2.0,4.0,3.0,5.0
22:21:30,3.0,3.0,5.0,2.0
22:21:35,4.0,2.0,2.0,2.0
22:21:40,3.0,4.0,4.0,3.0
22:21:45,4.0,5.0,2.0,0.0
22:21:50,3.0,2.0,2.0,1.0
22:21:55,3.0,3.0,2.0,1.0
22:22:00,1.0,3.0,1.0,1.0
22:22:05,4.0,4.0,1.0,3.0
22:22:10,4.0,2.0,2.0,1.0
22:22:15,3.0,2.0,0.0,1.0
22:22:20,4.0,4.0,1.0,2.0
22:22:25,1.0,0.0,4.0,3.0
22:22:30,2.0,1.0,1.0,3.0
22:22:35,2.0,2.0,3.0,4.0
22:22:40,2.0,2.0,1.0,3.0
22:22:45,0.0,4.0,1.0,6.0
22:22:50,2.0,2.0,1.0,1.0
22:22:55,4.0,0.0,2.0,2.0
22:23:00,1.0,4.0,2.0,2.0
22:23:05,3.0,2.0,4.0,2.0
22:23:10,2.0,1.0,2.0,6.0
22:23:15,1.0,4.0,1.0,6.0
22:23:20,2.0,3.0,4.0,4.0
22:23:25,1.0,1.0,4.0,5.0
22:23:30,2.0,2.0,2.0,0.0
22:23:35,2.0,1.0,2.0,0.0
22:23:40,1.0,5.0,4.0,2.0
22:23:45,1.0,4.0,1.0,1.0
22:23:50,1.0,1.0,5.0,4.0
22:23:55,3.0,2.0,2.0,0.0
22:24:00,3.0,1.0,5.0,3.0
22:24:05,4.0,2.0,1.0,2.0
22:24:10,4.0,2.0,1.0,1.0
22:24:15,3.0,3.0,2.0,4.0
22:24:20,1.0,3.0,2.0,4.0
22:24:25,1.0,4.0,4.0,5.0
22:24:30,4.0,3.0,4.0,2.0
22:24:35,2.0,7.0,2.0,0.0
22:24:40,3.0,3.0,2.0,1.0
22:24:45,4.0,3.0,3.0,1.0
22:24:50,3.0,3.0,1.0,1.0
22:24:55,5.0,1.0,4.0,2.0
22:25:00,4.0,1.0,2.0,1.0
22:25:05,2.0,3.0,5.0,2.0
22:25:10,1.0,2.0,0.0,2.0
22:25:15,2.0,2.0,1.0,1.0
22:25:20,2.0,2.0,0.0,1.0
22:25:25,1.0,4.0,2.0,6.0
22:25:30,2.0,4.0,2.0,4.0
22:25:35,3.0,5.0,1.0,1.0
22:25:40,4.0,4.0,1.0,3.0
22:25:45,3.0,2.0,1.0,1.0
22:25:50,3.0,1.0,1.0,3.0
22:25:55,5.0,2.0,4.0,1.0
22:26:00,1.0,6.0,1.0,0.0
22:26:05,3.0,4.0,2.0,4.0
22:26:10,0.0,5.0,2.0,4.0
22:26:15,2.0,6.0,1.0,4.0
22:26:20,3.0,1.0,3.0,3.0
22:26:25,4.0,5.0,1.0,3.0
22:26:30,6.0,4.0,1.0,4.0
22:26:35,5.0,2.0,1.0,2.0
22:26:40,1.0,3.0,1.0,3.0
22:26:45,3.0,5.0,0.0,3.0
22:26:50,2.0,2.0,4.0,2.0
22:26:55,2.0,4.0,4.0,0.0
22:27:00,3.0,4.0,4.0,4.0
22:27:05,1.0,4.0,3.0,1.0
22:27:10,4.0,6.0,2.0,2.0
22:27:15,4.0,1.0,4.0,2.0
22:27:20,6.0,4.0,6.0,2.0
22:27:25,1.0,7.0,2.0,0.0
22:27:30,4.0,1.0,1.0,2.0
22:27:35,3.0,1.0,1.0,5.0
22:27:40,4.0,0.0,2.0,3.0
22:27:45,4.0,2.0,1.0,3.0
22:27:50,1.0,3.0,1.0,2.0
22:27:55,0.0,4.0,1.0,2.0
22:28:00,3.0,5.0,3.0,1.0
22:28:05,1.0,3.0,2.0,4.0
22:28:10,2.0,5.0,1.0,1.0
22:28:15,5.0,5.0,3.0,3.0
22:28:20,2.0,5.0,3.0,2.0
22:28:25,3.0,1.0,1.0,2.0
22:28:30,3.0,1.0,1.0,7.0
22:28:35,5.0,1.0,0.0,2.0
22:28:40,4.0,1.0,3.0,5.0
22:28:45,2.0,3.0,3.0,1.0
22:28:50,0.0,4.0,1.0,4.0
22:28:55,1.0,4.0,1.0,6.0
22:29:00,1.0,3.0,3.0,1.0
22:29:05,4.0,2.0,3.0,0.0
22:29:10,2.0,3.0,2.0,1.0
22:29:15,2.0,5.0,3.0,1.0
22:29:20,3.0,4.0,1.0,1.0
22:29:25,3.0,4.0,2.0,1.0
22:29:30,3.0,2.0,2.0,2.0
22:29:35,4.0,4.0,2.0,3.0
22:29:40,4.0,2.0,3.0,3.0
22:29:45,6.0,4.0,1.0,3.0
22:29:50,3.0,4.0,1.0,3.0
22:29:55,1.0,3.0,0.0,1.0
22:30:00,4.0,4.0,0.0,2.0
22:30:05,3.0,1.0,0.0,0.0
22:30:10,3.0,2.0,2.0,5.0
22:30:15,3.0,4.0,4.0,1.0
22:30:20,1.0,3.0,5.0,1.0
22:30:25,1.0,4.0,1.0,2.0
22:30:30,8.0,3.0,1.0,2.0
22:30:35,1.0,0.0,3.0,2.0
22:30:40,2.0,2.0,4.0,0.0
22:30:45,1.0,2.0,2.0,1.0
22:30:50,3.0,1.0,1.0,4.0
22:30:55,1.0,2.0,2.0,2.0
22:31:00,3.0,2.0,1.0,5.0
22:31:05,1.0,2.0,3.0,2.0
22:31:10,2.0,2.0,0.0,4.0
22:31:15,2.0,3.0,1.0,3.0
22:31:20,2.0,6.0,4.0,4.0
22:31:25,0.0,4.0,3.0,3.0
22:31:30,4.0,6.0,3.0,1.0
22:31:35,2.0,3.0,4.0,1.0
22:31:40,6.0,1.0,2.0,2.0
22:31:45,2.0,3.0,2.0,0.0
22:31:50,4.0,2.0,2.0,0.0
22:31:55,4.0,1.0,3.0,2.0
22:32:00,1.0,1.0,1.0,0.0
22:32:05,3.0,1.0,1.0,1.0
22:32:10,2.0,5.0,3.0,1.0
22:32:15,1.0,3.0,1.0,3.0
22:32:20,0.0,6.0,0.0,0.0
22:32:25,2.0,2.0,0.0,0.0
22:32:30,2.0,0.0,0.0,2.0
22:32:35,6.0,4.0,1.0,1.0
22:32:40,1.0,4.0,1.0,1.0
22:32:45,1.0,4.0,1.0,2.0
22:32:50,3.0,2.0,1.0,1.0
22:32:55,4.0,2.0,2.0,1.0
22:33:00,5.0,2.0,2.0,1.0
22:33:05,1.0,5.0,0.0,1.0
22:33:10,3.0,3.0,1.0,3.0
22:33:15,3.0,2.0,0.0,5.0
22:33:20,2.0,4.0,2.0,3.0
22:33:25,4.0,0.0,1.0,4.0
22:33:30,,,,
22:33:35,3.0,4.0,2.0,1.0
22:33:40,1.0,1.0,3.0,2.0
22:33:45,3.0,2.0,3.0,3.0
22:33:50,2.0,3.0,4.0,2.0
22:33:55,2.0,3.0,1.0,2.0
22:34:00,3.0,1.0,7.0,1.0
22:34:05,0.0,2.0,0.0,6.0
22:34:10,3.0,2.0,2.0,1.0
22:34:15,2.0,0.0,3.0,1.0
22:34:20,3.0,3.0,2.0,2.0
22:34:25,1.0,2.0,0.0,2.0
22:34:30,1.0,4.0,0.0,2.0
22:34:35,2.0,3.0,3.0,5.0
22:34:40,2.0,3.0,2.0,0.0
22:34:45,3.0,2.0,2.0,4.0
22:34:50,4.0,2.0,1.0,0.0
22:34:55,3.0,4.0,3.0,0.0
22:35:00,3.0,4.0,1.0,1.0
22:35:05,2.0,0.0,1.0,2.0
22:35:10,3.0,3.0,1.0,3.0
22:35:15,1.0,2.0,3.0,2.0
22:35:20,2.0,5.0,0.0,1.0
22:35:25,5.0,3.0,1.0,3.0
22:35:30,2.0,4.0,0.0,1.0
22:35:35,2.0,1.0,2.0,2.0
22:35:40,2.0,3.0,3.0,3.0
22:35:45,6.0,4.0,2.0,3.0
22:35:50,2.0,4.0,3.0,1.0
22:35:55,2.0,2.0,1.0,5.0
22:36:00,4.0,1.0,4.0,0.0
22:36:05,4.0,2.0,2.0,2.0
22:36:10,2.0,1.0,1.0,1.0
22:36:15,0.0,2.0,2.0,0.0
22:36:20,3.0,6.0,4.0,1.0
22:36:25,2.0,1.0,0.0,2.0
22:36:30,2.0,1.0,2.0,0.0
22:36:35,4.0,3.0,0.0,1.0
22:36:40,2.0,3.0,1.0,2.0
22:36:45,0.0,2.0,1.0,0.0
22:36:50,4.0,4.0,0.0,2.0
22:36:55,4.0,4.0,1.0,1.0
22:37:00,0.0,4.0,2.0,4.0
22:37:05,4.0,1.0,2.0,1.0
22:37:10,4.0,1.0,1.0,1.0
22:37:15,4.0,2.0,2.0,0.0
22:37:20,2.0,0.0,3.0,1.0
22:37:25,1.0,4.0,1.0,1.0
22:37:30,1.0,2.0,1.0,3.0
22:37:35,1.0,2.0,2.0,3.0
22:37:40,,,,
22:37:45,3.0,2.0,1.0,3.0
22:37:50,1.0,2.0,3.0,4.0
22:37:55,4.0,2.0,1.0,5.0
22:38:00,0.0,5.0,1.0,0.0
22:38:05,1.0,3.0,2.0,4.0
22:38:10,2.0,2.0,1.0,3.0
22:38:15,4.0,2.0,5.0,1.0
22:38:20,4.0,1.0,2.0,2.0
22:38:25,2.0,2.0,2.0,5.0
22:38:30,3.0,2.0,4.0,2.0
22:38:35,1.0,3.0,3.0,1.0
22:38:40,4.0,3.0,3.0,0.0
22:38:45,1.0,3.0,2.0,3.0
22:38:50,1.0,7.0,4.0,1.0
22:38:55,4.0,3.0,0.0,2.0
22:39:00,1.0,2.0,2.0,3.0
22:39:05,4.0,3.0,0.0,3.0
22:39:10,4.0,3.0,1.0,2.0
22:39:15,4.0,1.0,1.0,1.0
22:39:20,2.0,3.0,3.0,1.0
22:39:25,4.0,2.0,2.0,2.0
22:39:30,0.0,7.0,0.0,3.0
22:39:35,2.0,2.0,2.0,0.0
22:39:40,3.0,3.0,0.0,3.0
22:39:45,4.0,7.0,1.0,2.0
22:39:50,5.0,3.0,1.0,2.0
22:39:55,5.0,2.0,3.0,1.0
22:40:00,3.0,3.0,3.0,1.0
22:40:05,3.0,2.0,2.0,4.0
22:40:10,3.0,4.0,0.0,1.0
22:40:15,3.0,3.0,3.0,2.0
22:40:20,1.0,2.0,0.0,1.0
22:40:25,4.0,2.0,2.0,5.0
22:40:30,1.0,3.0,0.0,2.0
22:40:35,3.0,2.0,2.0,3.0
22:40:40,3.0,1.0,0.0,2.0
22:40:45,2.0,2.0,0.0,3.0
22:40:50,1.0,1.0,0.0,4.0
22:40:55,1.0,2.0,4.0,3.0
22:41:00,2.0,4.0,2.0,8.0
22:41:05,1.0,3.0,2.0,1.0
22:41:10,3.0,2.0,0.0,5.0
22:41:15,3.0,3.0,2.0,0.0
22:41:20,2.0,2.0,2.0,1.0
22:41:25,5.0,3.0,4.0,0.0
22:41:30,3.0,3.0,4.0,1.0
22:41:35,4.0,5.0,2.0,1.0
22:41:40,2.0,3.0,2.0,1.0
22:41:45,2.0,2.0,4.0,1.0
22:41:50,3.0,3.0,1.0,1.0
22:41:55,2.0,2.0,3.0,3.0
22:42:00,4.0,3.0,2.0,2.0
22:42:05,4.0,4.0,1.0,2.0
22:42:10,2.0,2.0,0.0,2.0
22:42:15,2.0,3.0,2.0,0.0
22:42:20,5.0,4.0,3.0,4.0
22:42:25,3.0,4.0,1.0,4.0
22:42:30,4.0,4.0,1.0,3.0
22:42:35,3.0,0.0,3.0,6.0
22:42:40,0.0,3.0,0.0,2.0
22:42:45,4.0,3.0,2.0,2.0
22:42:50,2.0,2.0,2.0,2.0
22:42:55,1.0,3.0,2.0,2.0
22:43:00,3.0,4.0,3.0,5.0
22:43:05,2.0,2.0,0.0,4.0
22:43:10,4.0,3.0,4.0,2.0
22:43:15,6.0,6.0,2.0,0.0
22:43:20,2.0,4.0,1.0,1.0
22:43:25,4.0,2.0,5.0,4.0
22:43:30,5.0,2.0,4.0,4.0
22:43:35,3.0,1.0,2.0,4.0
22:43:40,2.0,2.0,4.0,1.0
22:43:45,5.0,3.0,1.0,3.0
22:43:50,1.0,1.0,4.0,0.0
22:43:55,3.0,2.0,2.0,3.0
22:44:00,3.0,6.0,3.0,2.0
22:44:05,0.0,0.0,3.0,1.0
22:44:10,4.0,0.0,3.0,1.0
22:44:15,3.0,1.0,1.0,4.0
22:44:20,0.0,4.0,2.0,2.0
22:44:25,2.0,5.0,5.0,4.0
22:44:30,4.0,1.0,2.0,0.0
22:44:35,1.0,3.0,2.0,2.0
22:44:40,2.0,5.0,2.0,1.0
22:44:45,2.0,3.0,3.0,3.0
22:44:50,3.0,4.0,3.0,1.0
22:44:55,4.0,3.0,0.0,5.0
22:45:00,1.0,3.0,2.0,1.0
22:45:05,2.0,0.0,1.0,1.0
22:45:10,3.0,1.0,1.0,2.0
22:45:15,4.0,4.0,2.0,1.0
22:45:20,2.0,5.0,1.0,4.0
22:45:25,2.0,3.0,0.0,2.0
22:45:30,5.0,0.0,3.0,1.0
22:45:35,2.0,6.0,2.0,1.0
22:45:40,3.0,4.0,0.0,1.0
22:45:45,2.0,2.0,1.0,2.0
22:45:50,2.0,0.0,3.0,2.0
22:45:55,3.0,5.0,4.0,2.0
22:46:00,3.0,3.0,1.0,2.0
22:46:05,5.0,1.0,2.0,2.0
22:46:10,2.0,3.0,2.0,5.0
22:46:15,2.0,1.0,0.0,0.0
22:46:20,4.0,3.0,1.0,2.0
22:46:25,1.0,0.0,2.0,1.0
22:46:30,3.0,1.0,3.0,7.0
22:46:35,3.0,0.0,3.0,1.0
22:46:40,1.0,1.0,3.0,0.0
22:46:45,0.0,4.0,1.0,1.0
22:46:50,1.0,4.0,0.0,4.0
22:46:55,2.0,4.0,2.0,1.0
22:47:00,2.0,1.0,3.0,2.0
22:47:05,4.0,2.0,1.0,1.0
22:47:10,3.0,5.0,0.0,5.0
22:47:15,2.0,0.0,0.0,0.0
22:47:20,3.0,1.0,4.0,3.0
22:47:25,3.0,4.0,2.0,3.0
22:47:30,1.0,4.0,3.0,1.0
22:47:35,5.0,4.0,1.0,1.0
22:47:40,4.0,4.0,1.0,2.0
22:47:45,2.0,3.0,3.0,2.0
22:47:50,3.0,1.0,1.0,5.0
22:47:55,4.0,3.0,1.0,0.0
22:48:00,3.0,3.0,2.0,5.0
22:48:05,2.0,3.0,1.0,3.0
22:48:10,3.0,2.0,3.0,2.0
22:48:15,5.0,2.0,2.0,3.0
22:48:20,2.0,3.0,2.0,1.0
22:48:25,1.0,3.0,1.0,2.0
22:48:30,4.0,0.0,1.0,1.0
22:48:35,2.0,2.0,3.0,2.0
22:48:40,1.0,1.0,3.0,3.0
22:48:45,2.0,4.0,2.0,3.0
22:48:50,2.0,3.0,2.0,0.0
22:48:55,1.0,3.0,2.0,1.0
22:49:00,2.0,2.0,2.0,1.0
22:49:05,3.0,3.0,3.0,2.0
22:49:10,1.0,3.0,0.0,3.0
22:49:15,1.0,3.0,2.0,1.0
22:49:20,2.0,6.0,2.0,1.0
22:49:25,1.0,3.0,0.0,3.0
22:49:30,3.0,2.0,1.0,1.0
22:49:35,3.0,5.0,0.0,0.0
22:49:40,5.0,1.0,1.0,0.0
22:49:45,2.0,3.0,3.0,3.0
22:49:50,4.0,4.0,1.0,0.0
22:49:55,1.0,2.0,1.0,2.0
22:50:00,1.0,1.0,1.0,1.0
22:50:05,4.0,3.0,2.0,1.0
22:50:10,1.0,5.0,2.0,2.0
22:50:15,2.0,6.0,0.0,3.0
22:50:20,2.0,3.0,2.0,1.0
22:50:25,5.0,1.0,2.0,1.0
22:50:30,1.0,2.0,1.0,1.0
22:50:35,3.0,3.0,2.0,1.0
22:50:40,2.0,3.0,0.0,2.0
22:50:45,4.0,1.0,3.0,2.0
22:50:50,4.0,1.0,1.0,0.0
22:50:55,3.0,4.0,0.0,1.0
22:51:00,1.0,4.0,0.0,1.0
22:51:05,1.0,3.0,1.0,1.0
22:51:10,3.0,2.0,3.0,1.0
22:51:15,3.0,5.0,1.0,4.0
22:51:20,1.0,1.0,1.0,4.0
22:51:25,4.0,2.0,1.0,3.0
22:51:30,3.0,4.0,2.0,3.0
22:51:35,4.0,3.0,1.0,3.0
22:51:40,1.0,4.0,1.0,3.0
22:51:45,2.0,0.0,2.0,2.0
22:51:50,3.0,2.0,2.0,3.0
22:51:55,1.0,1.0,3.0,5.0
22:52:00,2.0,0.0,3.0,5.0
22:52:05,1.0,0.0,1.0,1.0
22:52:10,1.0,3.0,3.0,5.0
22:52:15,3.0,1.0,2.0,3.0
22:52:20,1.0,4.0,3.0,3.0
22:52:25,2.0,3.0,0.0,1.0
22:52:30,6.0,1.0,3.0,2.0
22:52:35,1.0,1.0,2.0,2.0
22:52:40,1.0,3.0,2.0,2.0
22:52:45,1.0,1.0,2.0,2.0
22:52:50,2.0,1.0,2.0,2.0
22:52:55,2.0,4.0,2.0,6.0
22:53:00,0.0,3.0,2.0,5.0
22:53:05,3.0,3.0,2.0,2.0
22:53:10,2.0,3.0,5.0,1.0
22:53:15,3.0,1.0,4.0,2.0
22:53:20,2.0,4.0,0.0,2.0
22:53:25,3.0,2.0,5.0,0.0
22:53:30,2.0,3.0,2.0,5.0
22:53:35,1.0,3.0,3.0,3.0
22:53:40,3.0,3.0,3.0,3.0
22:53:45,2.0,2.0,2.0,2.0
22:53:50,3.0,0.0,0.0,2.0
22:53:55,4.0,3.0,1.0,3.0
22:54:00,1.0,2.0,2.0,2.0
22:54:05,2.0,1.0,3.0,5.0
22:54:10,5.0,1.0,2.0,1.0
22:54:15,1.0,5.0,4.0,4.0
22:54:20,3.0,3.0,1.0,2.0
22:54:25,0.0,3.0,2.0,2.0
22:54:30,3.0,4.0,0.0,2.0
22:54:35,1.0,4.0,5.0,1.0
22:54:40,2.0,3.0,2.0,4.0
22:54:45,3.0,4.0,3.0,4.0
22:54:50,3.0,1.0,1.0,3.0
22:54:55,4.0,2.0,2.0,0.0
22:55:00,2.0,4.0,3.0,1.0
22:55:05,4.0,5.0,0.0,2.0
22:55:10,3.0,2.0,3.0,1.0
22:55:15,3.0,1.0,1.0,4.0
22:55:20,3.0,2.0,5.0,0.0
22:55:25,2.0,3.0,0.0,4.0
22:55:30,4.0,3.0,1.0,2.0
22:55:35,3.0,1.0,1.0,1.0
22:55:40,0.0,1.0,4.0,4.0
22:55:45,0.0,3.0,1.0,2.0
22:55:50,5.0,4.0,0.0,3.0
22:55:55,2.0,2.0,4.0,2.0
22:56:00,3.0,4.0,2.0,0.0
22:56:05,1.0,3.0,1.0,3.0
22:56:10,3.0,3.0,1.0,2.0
22:56:15,4.0,2.0,1.0,1.0
22:56:20,2.0,3.0,3.0,1.0
22:56:25,2.0,3.0,1.0,1.0
22:56:30,3.0,3.0,3.0,0.0
22:56:35,3.0,2.0,3.0,0.0
22:56:40,3.0,3.0,2.0,1.0
22:56:45,1.0,3.0,0.0,4.0
22:56:50,1.0,2.0,0.0,3.0
22:56:55,5.0,2.0,0.0,0.0
22:57:00,4.0,3.0,1.0,0.0
22:57:05,4.0,4.0,0.0,0.0
22:57:10,0.0,2.0,2.0,2.0
22:57:15,2.0,4.0,7.0,2.0
22:57:20,0.0,4.0,5.0,2.0
22:57:25,3.0,1.0,0.0,3.0
22:57:30,4.0,3.0,1.0,2.0
22:57:35,1.0,4.0,1.0,1.0
22:57:40,1.0,2.0,0.0,3.0
22:57:45,2.0,1.0,1.0,1.0
22:57:50,4.0,0.0,1.0,1.0
22:57:55,3.0,3.0,1.0,1.0
22:58:00,2.0,5.0,2.0,1.0
22:58:05,0.0,3.0,3.0,0.0
22:58:10,3.0,2.0,2.0,0.0
22:58:15,2.0,2.0,1.0,2.0
22:58:20,4.0,5.0,1.0,3.0
22:58:25,4.0,2.0,2.0,2.0
22:58:30,5.0,2.0,1.0,2.0
22:58:35,3.0,3.0,2.0,3.0
22:58:40,1.0,2.0,0.0,1.0
22:58:45,2.0,3.0,0.0,0.0
22:58:50,2.0,1.0,2.0,4.0
22:58:55,0.0,2.0,1.0,0.0
22:59:00,1.0,3.0,3.0,0.0
22:59:05,1.0,1.0,2.0,1.0
22:59:10,2.0,0.0,2.0,4.0
22:59:15,2.0,5.0,1.0,2.0
22:59:20,1.0,4.0,0.0,3.0
22:59:25,0.0,2.0,1.0,3.0
22:59:30,4.0,2.0,2.0,2.0
22:59:35,2.0,5.0,2.0,1.0
22:59:40,2.0,3.0,2.0,0.0
22:59:45,0.0,2.0,1.0,0.0
22:59:50,3.0,4.0,3.0,2.0
22:59:55,4.0,4.0,2.0,6.0
23:00:00,2.0,2.0,1.0,2.0
23:00:05,4.0,2.0,1.0,0.0
23:00:10,4.0,3.0,1.0,1.0
23:00:15,2.0,1.0,1.0,1.0
23:00:20,2.0,1.0,0.0,2.0
23:00:25,2.0,2.0,3.0,4.0
23:00:30,4.0,3.0,2.0,1.0
23:00:35,3.0,1.0,1.0,2.0
23:00:40,4.0,1.0,1.0,3.0
23:00:45,0.0,2.0,2.0,4.0
23:00:50,4.0,1.0,1.0,1.0
23:00:55,1.0,1.0,1.0,2.0
23:01:00,1.0,0.0,2.0,2.0
23:01:05,3.0,1.0,2.0,3.0
23:01:10,1.0,2.0,1.0,2.0
23:01:15,3.0,4.0,3.0,0.0
23:01:20,1.0,1.0,3.0,0.0
23:01:25,3.0,4.0,3.0,1.0
23:01:30,1.0,0.0,2.0,1.0
23:01:35,4.0,0.0,5.0,0.0
23:01:40,1.0,1.0,0.0,2.0
23:01:45,0.0,3.0,1.0,1.0
23:01:50,1.0,1.0,1.0,0.0
23:01:55,2.0,3.0,0.0,0.0
23:02:00,2.0,1.0,0.0,1.0
23:02:05,0.0,3.0,0.0,1.0
23:02:10,4.0,1.0,1.0,3.0
23:02:15,2.0,2.0,3.0,2.0
23:02:20,1.0,6.0,2.0,2.0
23:02:25,2.0,1.0,0.0,1.0
23:02:30,3.0,1.0,0.0,1.0
23:02:35,3.0,2.0,0.0,0.0
23:02:40,5.0,1.0,1.0,3.0
23:02:45,0.0,3.0,2.0,2.0
23:02:50,2.0,4.0,1.0,2.0
23:02:55,1.0,1.0,2.0,2.0
23:03:00,4.0,2.0,1.0,1.0
23:03:05,0.0,1.0,1.0,3.0
23:03:10,,,,
23:03:15,6.0,0.0,3.0,3.0
23:03:20,1.0,0.0,2.0,0.0
23:03:25,1.0,3.0,1.0,1.0
23:03:30,1.0,3.0,2.0,0.0
23:03:35,0.0,2.0,1.0,2.0
23:03:40,2.0,0.0,1.0,0.0
23:03:45,1.0,3.0,0.0,1.0
23:03:50,2.0,5.0,2.0,1.0
23:03:55,1.0,3.0,2.0,3.0
23:04:00,2.0,3.0,4.0,1.0
23:04:05,1.0,3.0,0.0,0.0
23:04:10,2.0,3.0,2.0,1.0
23:04:15,1.0,5.0,0.0,2.0
23:04:20,2.0,6.0,0.0,1.0
23:04:25,2.0,6.0,3.0,1.0
23:04:30,4.0,1.0,1.0,3.0
23:04:35,2.0,1.0,0.0,4.0
23:04:40,4.0,1.0,2.0,4.0
23:04:45,4.0,1.0,2.0,4.0
23:04:50,1.0,3.0,1.0,1.0
23:04:55,1.0,1.0,0.0,2.0
23:05:00,2.0,2.0,2.0,4.0
23:05:05,1.0,2.0,5.0,0.0
23:05:10,1.0,2.0,0.0,1.0
23:05:15,1.0,2.0,0.0,5.0
23:05:20,1.0,2.0,0.0,1.0
23:05:25,3.0,2.0,3.0,1.0
23:05:30,3.0,0.0,3.0,1.0
23:05:35,0.0,1.0,2.0,3.0
23:05:40,3.0,3.0,2.0,3.0
23:05:45,1.0,4.0,2.0,1.0
23:05:50,3.0,0.0,1.0,3.0
23:05:55,2.0,1.0,1.0,1.0
23:06:00,2.0,1.0,1.0,2.0
23:06:05,5.0,3.0,1.0,0.0
23:06:10,0.0,3.0,2.0,2.0
23:06:15,2.0,1.0,1.0,0.0
23:06:20,2.0,2.0,3.0,0.0
23:06:25,2.0,1.0,2.0,1.0
23:06:30,1.0,5.0,1.0,2.0
23:06:35,3.0,1.0,0.0,0.0
23:06:40,1.0,3.0,3.0,0.0
23:06:45,2.0,1.0,2.0,2.0
23:06:50,3.0,2.0,0.0,2.0
23:06:55,3.0,0.0,1.0,3.0
23:07:00,1.0,3.0,2.0,2.0
23:07:05,2.0,2.0,3.0,2.0
23:07:10,1.0,2.0,1.0,2.0
23:07:15,0.0,5.0,0.0,4.0
23:07:20,2.0,3.0,0.0,2.0
23:07:25,4.0,5.0,3.0,1.0
23:07:30,4.0,8.0,5.0,2.0
23:07:35,4.0,4.0,2.0,2.0
23:07:40,3.0,4.0,1.0,1.0
23:07:45,7.0,2.0,2.0,2.0
23:07:50,6.0,3.0,2.0,1.0
23:07:55,4.0,3.0,3.0,5.0
23:08:00,2.0,1.0,2.0,0.0
23:08:05,2.0,0.0,2.0,1.0
23:08:10,3.0,2.0,2.0,1.0
23:08:15,3.0,3.0,0.0,4.0
23:08:20,1.0,2.0,3.0,5.0
23:08:25,2.0,2.0,3.0,0.0
23:08:30,0.0,2.0,3.0,4.0
23:08:35,3.0,0.0,0.0,1.0
23:08:40,1.0,1.0,0.0,4.0
23:08:45,2.0,1.0,1.0,3.0
23:08:50,1.0,4.0,4.0,1.0
23:08:55,0.0,4.0,4.0,3.0
23:09:00,2.0,1.0,2.0,3.0
23:09:05,2.0,3.0,0.0,3.0
23:09:10,5.0,0.0,0.0,1.0
23:09:15,1.0,5.0,2.0,2.0
23:09:20,1.0,2.0,2.0,2.0
23:09:25,3.0,3.0,3.0,2.0
23:09:30,1.0,7.0,1.0,2.0
23:09:35,3.0,3.0,0.0,0.0
23:09:40,3.0,2.0,0.0,3.0
23:09:45,3.0,0.0,1.0,2.0
23:09:50,1.0,2.0,2.0,3.0
23:09:55,6.0,1.0,1.0,3.0
23:10:00,6.0,1.0,2.0,4.0
23:10:05,1.0,3.0,2.0,4.0
23:10:10,1.0,2.0,4.0,4.0
23:10:15,3.0,1.0,1.0,2.0
23:10:20,2.0,6.0,0.0,1.0
23:10:25,1.0,1.0,3.0,2.0
23:10:30,3.0,5.0,2.0,1.0
23:10:35,1.0,0.0,4.0,0.0
23:10:40,5.0,4.0,3.0,2.0
23:10:45,1.0,3.0,2.0,1.0
23:10:50,1.0,2.0,2.0,2.0
23:10:55,2.0,3.0,4.0,1.0
23:11:00,2.0,1.0,1.0,2.0
23:11:05,3.0,2.0,2.0,1.0
23:11:10,4.0,3.0,1.0,1.0
23:11:15,2.0,5.0,2.0,1.0
23:11:20,1.0,1.0,0.0,2.0
23:11:25,3.0,6.0,2.0,3.0
23:11:30,4.0,4.0,2.0,4.0
23:11:35,4.0,3.0,1.0,2.0
23:11:40,5.0,3.0,1.0,2.0
23:11:45,2.0,1.0,3.0,3.0
23:11:50,5.0,2.0,2.0,1.0
23:11:55,3.0,3.0,0.0,1.0
23:12:00,3.0,0.0,3.0,3.0
23:12:05,2.0,2.0,1.0,2.0
23:12:10,2.0,2.0,1.0,4.0
23:12:15,2.0,2.0,2.0,4.0
23:12:20,3.0,5.0,3.0,0.0
23:12:25,1.0,1.0,2.0,0.0
23:12:30,2.0,1.0,2.0,2.0
23:12:35,3.0,2.0,1.0,3.0
23:12:40,1.0,2.0,4.0,2.0
23:12:45,1.0,2.0,1.0,1.0
23:12:50,4.0,2.0,0.0,3.0
23:12:55,5.0,4.0,3.0,2.0
23:13:00,2.0,3.0,3.0,3.0
23:13:05,0.0,1.0,2.0,1.0
23:13:10,2.0,3.0,2.0,2.0
23:13:15,3.0,3.0,0.0,1.0
23:13:20,3.0,1.0,3.0,3.0
23:13:25,3.0,5.0,1.0,3.0
23:13:30,2.0,3.0,1.0,2.0
23:13:35,3.0,3.0,0.0,2.0
23:13:40,4.0,4.0,1.0,2.0
23:13:45,3.0,1.0,1.0,3.0
23:13:50,3.0,4.0,3.0,2.0
23:13:55,5.0,1.0,3.0,0.0
23:14:00,1.0,1.0,5.0,1.0
23:14:05,3.0,0.0,1.0,2.0
23:14:10,0.0,4.0,2.0,0.0
23:14:15,0.0,3.0,0.0,2.0
23:14:20,0.0,3.0,1.0,2.0
23:14:25,4.0,1.0,2.0,1.0
23:14:30,1.0,1.0,3.0,0.0
23:14:35,3.0,0.0,2.0,1.0
23:14:40,2.0,1.0,2.0,1.0
23:14:45,0.0,0.0,1.0,1.0
23:14:50,2.0,2.0,1.0,0.0
23:14:55,0.0,2.0,0.0,2.0
23:15:00,0.0,2.0,2.0,2.0
23:15:05,2.0,5.0,1.0,1.0
23:15:10,3.0,2.0,0.0,2.0
23:15:15,3.0,4.0,0.0,1.0
23:15:20,2.0,1.0,1.0,0.0
23:15:25,2.0,2.0,1.0,1.0
23:15:30,3.0,6.0,2.0,0.0
23:15:35,2.0,0.0,0.0,0.0
23:15:40,0.0,3.0,2.0,1.0
23:15:45,4.0,2.0,1.0,1.0
23:15:50,2.0,2.0,1.0,2.0
23:15:55,3.0,0.0,0.0,0.0
23:16:00,2.0,4.0,1.0,2.0
23:16:05,1.0,0.0,0.0,1.0
23:16:10,1.0,4.0,1.0,2.0
23:16:15,3.0,0.0,1.0,0.0
23:16:20,1.0,0.0,1.0,0.0
23:16:25,3.0,0.0,1.0,2.0
23:16:30,0.0,2.0,1.0,0.0
23:16:35,0.0,2.0,3.0,2.0
23:16:40,0.0,2.0,3.0,1.0
23:16:45,3.0,4.0,0.0,3.0
23:16:50,2.0,3.0,0.0,1.0
23:16:55,3.0,1.0,1.0,2.0
23:17:00,3.0,1.0,2.0,0.0
23:17:05,2.0,4.0,0.0,2.0
23:17:10,3.0,2.0,1.0,4.0
23:17:15,2.0,2.0,2.0,3.0
23:17:20,3.0,3.0,2.0,0.0
23:17:25,2.0,2.0,2.0,0.0
23:17:30,2.0,2.0,0.0,0.0
23:17:35,4.0,2.0,4.0,2.0
23:17:40,1.0,1.0,1.0,0.0
23:17:45,3.0,1.0,3.0,1.0
23:17:50,1.0,3.0,1.0,2.0
23:17:55,2.0,3.0,0.0,0.0
23:18:00,1.0,0.0,0.0,2.0
23:18:05,1.0,4.0,1.0,2.0
23:18:10,2.0,4.0,2.0,1.0
23:18:15,2.0,1.0,1.0,1.0
23:18:20,4.0,0.0,2.0,0.0
23:18:25,3.0,1.0,3.0,0.0
23:18:30,0.0,5.0,2.0,1.0
23:18:35,2.0,2.0,0.0,0.0
23:18:40,1.0,2.0,1.0,0.0
23:18:45,1.0,1.0,0.0,0.0
23:18:50,4.0,1.0,2.0,3.0
23:18:55,2.0,0.0,0.0,0.0
23:19:00,4.0,0.0,1.0,2.0
23:19:05,0.0,3.0,0.0,4.0
23:19:10,1.0,3.0,0.0,4.0
23:19:15,0.0,3.0,1.0,2.0
23:19:20,1.0,2.0,1.0,2.0
23:19:25,2.0,4.0,1.0,0.0
23:19:30,5.0,2.0,1.0,2.0
23:19:35,5.0,3.0,0.0,1.0
23:19:40,2.0,1.0,3.0,2.0
23:19:45,2.0,5.0,4.0,2.0
23:19:50,2.0,0.0,2.0,1.0
23:19:55,1.0,1.0,0.0,2.0
23:20:00,3.0,2.0,1.0,0.0
23:20:05,0.0,1.0,2.0,0.0
23:20:10,2.0,1.0,4.0,2.0
23:20:15,2.0,2.0,1.0,2.0
23:20:20,1.0,4.0,3.0,3.0
23:20:25,0.0,3.0,1.0,1.0
23:20:30,0.0,1.0,2.0,1.0
23:20:35,2.0,0.0,1.0,3.0
23:20:40,3.0,3.0,0.0,3.0
23:20:45,2.0,3.0,0.0,3.0
23:20:50,1.0,2.0,3.0,1.0
23:20:55,2.0,0.0,1.0,3.0
23:21:00,3.0,3.0,1.0,6.0
23:21:05,1.0,0.0,1.0,1.0
23:21:10,3.0,5.0,3.0,0.0
23:21:15,1.0,3.0,1.0,2.0
23:21:20,2.0,4.0,1.0,0.0
23:21:25,5.0,0.0,2.0,0.0
23:21:30,2.0,2.0,3.0,0.0
23:21:35,3.0,3.0,0.0,1.0
23:21:40,2.0,5.0,0.0,1.0
23:21:45,2.0,1.0,1.0,2.0
23:21:50,3.0,2.0,2.0,3.0
23:21:55,3.0,2.0,2.0,0.0
23:22:00,4.0,2.0,0.0,0.0
23:22:05,2.0,2.0,0.0,1.0
23:22:10,3.0,2.0,1.0,3.0
23:22:15,2.0,2.0,2.0,1.0
23:22:20,1.0,4.0,3.0,1.0
23:22:25,1.0,1.0,0.0,0.0
23:22:30,2.0,1.0,0.0,2.0
23:22:35,3.0,1.0,0.0,4.0
23:22:40,0.0,0.0,0.0,1.0
23:22:45,2.0,3.0,0.0,2.0
23:22:50,1.0,2.0,4.0,2.0
23:22:55,1.0,2.0,0.0,2.0
23:23:00,1.0,3.0,1.0,4.0
23:23:05,2.0,3.0,1.0,2.0
23:23:10,1.0,1.0,3.0,3.0
23:23:15,3.0,2.0,1.0,1.0
23:23:20,3.0,6.0,1.0,1.0
23:23:25,1.0,1.0,1.0,1.0
23:23:30,3.0,1.0,1.0,5.0
23:23:35,2.0,2.0,4.0,3.0
23:23:40,2.0,1.0,1.0,1.0
23:23:45,1.0,0.0,2.0,2.0
23:23:50,3.0,2.0,3.0,2.0
23:23:55,1.0,3.0,2.0,2.0
23:24:00,1.0,1.0,2.0,0.0
23:24:05,0.0,4.0,1.0,2.0
23:24:10,4.0,3.0,1.0,1.0
23:24:15,3.0,1.0,3.0,1.0
23:24:20,4.0,1.0,2.0,2.0
23:24:25,,,,
23:24:30,3.0,1.0,3.0,3.0
23:24:35,3.0,4.0,0.0,1.0
23:24:40,2.0,2.0,1.0,2.0
23:24:45,1.0,1.0,2.0,0.0
23:24:50,2.0,2.0,0.0,1.0
23:24:55,3.0,4.0,3.0,0.0
23:25:00,2.0,1.0,2.0,1.0
23:25:05,2.0,0.0,2.0,0.0
23:25:10,3.0,2.0,0.0,0.0
23:25:15,1.0,4.0,1.0,1.0
23:25:20,1.0,2.0,2.0,1.0
23:25:25,1.0,4.0,2.0,2.0
23:25:30,2.0,2.0,0.0,1.0
23:25:35,3.0,4.0,0.0,1.0
23:25:40,2.0,3.0,0.0,1.0
23:25:45,5.0,2.0,2.0,2.0
23:25:50,3.0,3.0,1.0,0.0
23:25:55,2.0,1.0,0.0,0.0
23:26:00,5.0,1.0,1.0,2.0
23:26:05,2.0,0.0,2.0,3.0
23:26:10,2.0,1.0,1.0,4.0
23:26:15,1.0,0.0,2.0,1.0
23:26:20,1.0,1.0,0.0,2.0
23:26:25,1.0,0.0,0.0,2.0
23:26:30,1.0,0.0,0.0,0.0
23:26:35,0.0,2.0,1.0,3.0
23:26:40,1.0,2.0,3.0,4.0
23:26:45,1.0,3.0,3.0,1.0
23:26:50,2.0,2.0,0.0,3.0
23:26:55,0.0,0.0,1.0,0.0
23:27:00,2.0,1.0,3.0,1.0
23:27:05,1.0,2.0,1.0,2.0
23:27:10,0.0,4.0,0.0,1.0
23:27:15,2.0,1.0,2.0,0.0
23:27:20,3.0,2.0,1.0,4.0
23:27:25,1.0,1.0,5.0,2.0
23:27:30,1.0,3.0,2.0,2.0
23:27:35,2.0,2.0,1.0,1.0
23:27:40,1.0,0.0,1.0,2.0
23:27:45,4.0,3.0,0.0,1.0
23:27:50,1.0,4.0,2.0,2.0
23:27:55,1.0,4.0,3.0,3.0
23:28:00,3.0,1.0,5.0,1.0
23:28:05,3.0,0.0,1.0,2.0
23:28:10,1.0,1.0,3.0,0.0
23:28:15,1.0,3.0,3.0,4.0
23:28:20,1.0,1.0,2.0,3.0
23:28:25,0.0,2.0,1.0,0.0
23:28:30,0.0,2.0,2.0,2.0
23:28:35,4.0,2.0,1.0,1.0
23:28:40,4.0,0.0,2.0,1.0
23:28:45,4.0,2.0,2.0,1.0
23:28:50,2.0,3.0,2.0,4.0
23:28:55,2.0,1.0,1.0,3.0
23:29:00,1.0,1.0,2.0,2.0
23:29:05,2.0,2.0,2.0,1.0
23:29:10,0.0,2.0,2.0,3.0
23:29:15,3.0,1.0,1.0,2.0
23:29:20,2.0,4.0,0.0,0.0
23:29:25,1.0,3.0,0.0,1.0
23:29:30,4.0,2.0,2.0,3.0
23:29:35,4.0,6.0,1.0,1.0
23:29:40,3.0,3.0,3.0,0.0
23:29:45,2.0,5.0,2.0,3.0
23:29:50,3.0,2.0,3.0,1.0
23:29:55,3.0,3.0,2.0,1.0
23:30:00,2.0,2.0,1.0,1.0
23:30:05,5.0,4.0,0.0,2.0
23:30:10,3.0,5.0,1.0,1.0
23:30:15,2.0,2.0,3.0,1.0
23:30:20,3.0,2.0,2.0,2.0
23:30:25,3.0,1.0,2.0,2.0
23:30:30,2.0,0.0,3.0,4.0
23:30:35,1.0,2.0,1.0,1.0
23:30:40,3.0,1.0,1.0,2.0
23:30:45,1.0,1.0,1.0,1.0
23:30:50,2.0,3.0,0.0,2.0
23:30:55,2.0,3.0,2.0,1.0
23:31:00,0.0,1.0,3.0,2.0
23:31:05,4.0,2.0,2.0,1.0
23:31:10,1.0,1.0,1.0,1.0
23:31:15,3.0,2.0,0.0,0.0
23:31:20,1.0,1.0,0.0,2.0
23:31:25,2.0,5.0,1.0,1.0
23:31:30,1.0,3.0,2.0,1.0
23:31:35,3.0,3.0,1.0,1.0
23:31:40,3.0,0.0,2.0,3.0
23:31:45,3.0,0.0,0.0,2.0
23:31:50,2.0,0.0,3.0,1.0
23:31:55,0.0,1.0,0.0,0.0
23:32:00,0.0,1.0,1.0,2.0
23:32:05,0.0,1.0,0.0,2.0
23:32:10,2.0,1.0,2.0,1.0
23:32:15,2.0,0.0,1.0,1.0
23:32:20,1.0,2.0,1.0,2.0
23:32:25,0.0,3.0,3.0,2.0
23:32:30,1.0,3.0,0.0,0.0
23:32:35,3.0,2.0,4.0,0.0
23:32:40,3.0,3.0,1.0,3.0
23:32:45,3.0,2.0,1.0,1.0
23:32:50,0.0,0.0,2.0,3.0
23:32:55,0.0,0.0,1.0,2.0
23:33:00,2.0,3.0,0.0,1.0
23:33:05,1.0,1.0,0.0,2.0
23:33:10,0.0,1.0,1.0,3.0
23:33:15,1.0,2.0,1.0,1.0
23:33:20,3.0,2.0,2.0,0.0
23:33:25,0.0,1.0,0.0,0.0
23:33:30,4.0,2.0,1.0,2.0
23:33:35,0.0,3.0,3.0,4.0
23:33:40,2.0,2.0,1.0,1.0
23:33:45,2.0,3.0,2.0,4.0
23:33:50,1.0,4.0,1.0,3.0
23:33:55,2.0,1.0,2.0,1.0
23:34:00,5.0,0.0,0.0,0.0
23:34:05,1.0,0.0,2.0,1.0
23:34:10,2.0,3.0,2.0,1.0
23:34:15,1.0,0.0,3.0,1.0
23:34:20,1.0,0.0,2.0,1.0
23:34:25,2.0,1.0,2.0,3.0
23:34:30,2.0,1.0,1.0,1.0
23:34:35,0.0,4.0,1.0,3.0
23:34:40,1.0,1.0,3.0,0.0
23:34:45,2.0,2.0,1.0,2.0
23:34:50,2.0,2.0,1.0,2.0
23:34:55,0.0,3.0,3.0,2.0
23:35:00,4.0,1.0,2.0,2.0
23:35:05,2.0,0.0,2.0,6.0
23:35:10,1.0,2.0,2.0,1.0
23:35:15,2.0,2.0,2.0,2.0
23:35:20,1.0,1.0,1.0,2.0
23:35:25,1.0,0.0,2.0,0.0
23:35:30,1.0,2.0,1.0,2.0
23:35:35,0.0,4.0,2.0,1.0
23:35:40,1.0,3.0,3.0,0.0
23:35:45,2.0,3.0,1.0,4.0
23:35:50,3.0,2.0,1.0,0.0
23:35:55,2.0,2.0,2.0,0.0
23:36:00,1.0,4.0,0.0,3.0
23:36:05,5.0,1.0,2.0,0.0
23:36:10,5.0,2.0,1.0,2.0
23:36:15,3.0,1.0,1.0,2.0
23:36:20,4.0,6.0,0.0,2.0
23:36:25,2.0,2.0,0.0,3.0
23:36:30,4.0,3.0,2.0,2.0
23:36:35,2.0,2.0,1.0,0.0
23:36:40,4.0,1.0,1.0,0.0
23:36:45,3.0,3.0,0.0,1.0
23:36:50,2.0,1.0,1.0,1.0
23:36:55,1.0,1.0,3.0,1.0
23:37:00,2.0,2.0,1.0,1.0
23:37:05,1.0,3.0,2.0,2.0
23:37:10,1.0,3.0,0.0,0.0
23:37:15,2.0,2.0,1.0,1.0
23:37:20,4.0,4.0,2.0,2.0
23:37:25,1.0,1.0,1.0,0.0
23:37:30,4.0,2.0,1.0,0.0
23:37:35,3.0,1.0,2.0,2.0
23:37:40,4.0,1.0,0.0,1.0
23:37:45,1.0,1.0,0.0,1.0
23:37:50,1.0,1.0,0.0,3.0
23:37:55,0.0,6.0,1.0,2.0
23:38:00,2.0,3.0,0.0,0.0
23:38:05,1.0,3.0,0.0,2.0
23:38:10,1.0,1.0,1.0,0.0
23:38:15,2.0,3.0,1.0,5.0
23:38:20,4.0,3.0,3.0,3.0
23:38:25,0.0,0.0,1.0,2.0
23:38:30,3.0,0.0,1.0,1.0
23:38:35,2.0,3.0,0.0,1.0
23:38:40,0.0,2.0,1.0,1.0
23:38:45,2.0,0.0,0.0,1.0
23:38:50,2.0,2.0,4.0,2.0
23:38:55,1.0,2.0,4.0,0.0
23:39:00,1.0,3.0,1.0,0.0
23:39:05,2.0,1.0,1.0,4.0
23:39:10,2.0,2.0,0.0,1.0
23:39:15,4.0,2.0,1.0,3.0
23:39:20,0.0,3.0,1.0,2.0
23:39:25,2.0,3.0,1.0,1.0
23:39:30,2.0,1.0,1.0,3.0
23:39:35,1.0,4.0,1.0,1.0
23:39:40,1.0,4.0,3.0,1.0
23:39:45,1.0,4.0,4.0,2.0
23:39:50,3.0,3.0,2.0,2.0
23:39:55,4.0,3.0,1.0,1.0
23:40:00,4.0,1.0,2.0,0.0
23:40:05,3.0,1.0,2.0,0.0
23:40:10,3.0,2.0,0.0,1.0
23:40:15,2.0,1.0,3.0,0.0
23:40:20,4.0,1.0,2.0,2.0
23:40:25,1.0,2.0,1.0,0.0
23:40:30,1.0,0.0,1.0,0.0
23:40:35,2.0,2.0,1.0,0.0
23:40:40,2.0,2.0,1.0,1.0
23:40:45,2.0,1.0,1.0,1.0
23:40:50,1.0,6.0,0.0,1.0
23:40:55,3.0,2.0,0.0,1.0
23:41:00,1.0,1.0,0.0,4.0
23:41:05,2.0,5.0,0.0,0.0
23:41:10,4.0,3.0,1.0,2.0
23:41:15,2.0,2.0,1.0,2.0
23:41:20,2.0,2.0,0.0,2.0
23:41:25,3.0,1.0,2.0,3.0
23:41:30,,,,
23:41:35,2.0,3.0,1.0,2.0
23:41:40,3.0,1.0,2.0,4.0
23:41:45,1.0,2.0,2.0,3.0
23:41:50,3.0,1.0,3.0,1.0
23:41:55,1.0,3.0,3.0,2.0
23:42:00,2.0,0.0,3.0,3.0
23:42:05,1.0,3.0,1.0,0.0
23:42:10,2.0,0.0,3.0,0.0
23:42:15,1.0,2.0,1.0,0.0
23:42:20,1.0,3.0,1.0,2.0
23:42:25,0.0,0.0,1.0,1.0
23:42:30,3.0,1.0,3.0,0.0
23:42:35,2.0,3.0,1.0,5.0
23:42:40,2.0,2.0,1.0,2.0
23:42:45,1.0,4.0,0.0,0.0
23:42:50,2.0,2.0,0.0,1.0
23:42:55,2.0,2.0,0.0,3.0
23:43:00,3.0,0.0,1.0,0.0
23:43:05,2.0,2.0,1.0,0.0
23:43:10,1.0,3.0,4.0,2.0
23:43:15,2.0,1.0,1.0,1.0
23:43:20,2.0,6.0,1.0,1.0
23:43:25,1.0,3.0,1.0,1.0
23:43:30,2.0,3.0,0.0,4.0
23:43:35,7.0,1.0,0.0,3.0
23:43:40,2.0,0.0,0.0,2.0
23:43:45,2.0,2.0,0.0,3.0
23:43:50,2.0,3.0,2.0,1.0
23:43:55,2.0,3.0,1.0,1.0
23:44:00,2.0,4.0,3.0,2.0
23:44:05,1.0,3.0,3.0,3.0
23:44:10,2.0,2.0,0.0,3.0
23:44:15,3.0,0.0,1.0,0.0
23:44:20,2.0,0.0,5.0,3.0
23:44:25,1.0,0.0,3.0,2.0
23:44:30,1.0,1.0,1.0,3.0
23:44:35,0.0,0.0,5.0,1.0
23:44:40,0.0,0.0,3.0,1.0
23:44:45,1.0,0.0,1.0,1.0
23:44:50,0.0,4.0,1.0,1.0
23:44:55,0.0,1.0,1.0,2.0
23:45:00,3.0,0.0,2.0,0.0
23:45:05,1.0,0.0,3.0,1.0
23:45:10,1.0,3.0,2.0,4.0
23:45:15,0.0,2.0,2.0,1.0
23:45:20,2.0,3.0,1.0,1.0
23:45:25,2.0,3.0,2.0,5.0
23:45:30,2.0,1.0,0.0,3.0
23:45:35,3.0,3.0,2.0,0.0
23:45:40,4.0,2.0,4.0,0.0
23:45:45,1.0,3.0,2.0,0.0
23:45:50,1.0,1.0,2.0,2.0
23:45:55,2.0,4.0,1.0,2.0
23:46:00,2.0,2.0,2.0,0.0
23:46:05,2.0,1.0,2.0,0.0
23:46:10,3.0,3.0,1.0,3.0
23:46:15,1.0,0.0,1.0,0.0
23:46:20,1.0,1.0,2.0,0.0
23:46:25,3.0,1.0,1.0,1.0
23:46:30,1.0,4.0,1.0,1.0
23:46:35,2.0,6.0,1.0,3.0
23:46:40,2.0,2.0,0.0,1.0
23:46:45,3.0,1.0,0.0,1.0
23:46:50,5.0,1.0,0.0,1.0
23:46:55,3.0,2.0,1.0,0.0
23:47:00,2.0,1.0,0.0,1.0
23:47:05,0.0,2.0,0.0,2.0
23:47:10,0.0,1.0,1.0,2.0
23:47:15,0.0,3.0,2.0,1.0
23:47:20,2.0,1.0,3.0,0.0
23:47:25,4.0,2.0,1.0,1.0
23:47:30,2.0,1.0,0.0,0.0
23:47:35,1.0,1.0,0.0,3.0
23:47:40,2.0,0.0,2.0,1.0
23:47:45,2.0,2.0,2.0,1.0
23:47:50,2.0,0.0,1.0,5.0
23:47:55,0.0,2.0,0.0,5.0
23:48:00,0.0,2.0,0.0,1.0
23:48:05,1.0,3.0,3.0,2.0
23:48:10,2.0,2.0,1.0,0.0
23:48:15,0.0,0.0,1.0,1.0
23:48:20,3.0,2.0,3.0,2.0
23:48:25,0.0,0.0,2.0,1.0
23:48:30,1.0,3.0,0.0,1.0
23:48:35,1.0,3.0,1.0,1.0
23:48:40,0.0,3.0,0.0,1.0
23:48:45,3.0,1.0,1.0,0.0
23:48:50,1.0,1.0,2.0,2.0
23:48:55,3.0,2.0,1.0,1.0
23:49:00,0.0,2.0,1.0,3.0
23:49:05,2.0,1.0,2.0,0.0
23:49:10,2.0,1.0,2.0,1.0
23:49:15,2.0,1.0,2.0,2.0
23:49:20,1.0,4.0,0.0,1.0
23:49:25,1.0,1.0,1.0,3.0
23:49:30,2.0,4.0,1.0,0.0
23:49:35,2.0,3.0,1.0,3.0
23:49:40,1.0,2.0,1.0,4.0
23:49:45,5.0,2.0,1.0,2.0
23:49:50,2.0,1.0,0.0,1.0
23:49:55,2.0,2.0,3.0,0.0
23:50:00,3.0,1.0,2.0,2.0
23:50:05,1.0,2.0,2.0,3.0
23:50:10,0.0,1.0,2.0,3.0
23:50:15,1.0,4.0,1.0,0.0
23:50:20,2.0,2.0,3.0,1.0
23:50:25,2.0,2.0,0.0,2.0
23:50:30,3.0,4.0,2.0,0.0
23:50:35,2.0,3.0,1.0,2.0
23:50:40,2.0,2.0,2.0,0.0
23:50:45,3.0,3.0,1.0,2.0
23:50:50,3.0,0.0,1.0,1.0
23:50:55,4.0,1.0,1.0,2.0
23:51:00,1.0,1.0,1.0,5.0
23:51:05,2.0,2.0,0.0,4.0
23:51:10,1.0,1.0,0.0,0.0
23:51:15,1.0,1.0,1.0,2.0
23:51:20,2.0,2.0,2.0,1.0
23:51:25,2.0,3.0,1.0,1.0
23:51:30,1.0,0.0,0.0,0.0
23:51:35,2.0,2.0,2.0,4.0
23:51:40,2.0,2.0,3.0,1.0
23:51:45,1.0,2.0,1.0,1.0
23:51:50,2.0,2.0,3.0,2.0
23:51:55,0.0,2.0,2.0,2.0
23:52:00,2.0,3.0,0.0,1.0
23:52:05,3.0,0.0,1.0,0.0
23:52:10,2.0,1.0,1.0,2.0
23:52:15,1.0,0.0,2.0,4.0
23:52:20,0.0,3.0,1.0,4.0
23:52:25,1.0,3.0,2.0,1.0
23:52:30,0.0,1.0,1.0,1.0
23:52:35,1.0,5.0,3.0,0.0
23:52:40,2.0,1.0,0.0,2.0
23:52:45,2.0,3.0,1.0,1.0
23:52:50,4.0,2.0,3.0,0.0
23:52:55,1.0,0.0,1.0,2.0
23:53:00,1.0,2.0,1.0,0.0
23:53:05,3.0,3.0,0.0,0.0
23:53:10,0.0,1.0,1.0,0.0
23:53:15,1.0,1.0,0.0,1.0
23:53:20,3.0,2.0,0.0,1.0
23:53:25,5.0,2.0,0.0,1.0
23:53:30,1.0,4.0,0.0,5.0
23:53:35,1.0,2.0,1.0,0.0
23:53:40,4.0,2.0,0.0,0.0
23:53:45,2.0,4.0,0.0,2.0
23:53:50,3.0,5.0,1.0,1.0
23:53:55,2.0,4.0,2.0,3.0
23:54:00,5.0,6.0,1.0,0.0
23:54:05,4.0,2.0,1.0,1.0
23:54:10,3.0,3.0,0.0,0.0
23:54:15,3.0,0.0,0.0,2.0
23:54:20,4.0,0.0,1.0,0.0
23:54:25,0.0,0.0,0.0,0.0
23:54:30,0.0,1.0,2.0,1.0
23:54:35,1.0,3.0,3.0,3.0
23:54:40,0.0,0.0,1.0,1.0
23:54:45,0.0,1.0,0.0,2.0
23:54:50,2.0,0.0,2.0,0.0
23:54:55,1.0,4.0,0.0,0.0
23:55:00,1.0,3.0,3.0,0.0
23:55:05,0.0,2.0,0.0,1.0
23:55:10,2.0,0.0,2.0,0.0
23:55:15,3.0,2.0,0.0,0.0
23:55:20,2.0,0.0,3.0,0.0
23:55:25,0.0,3.0,0.0,1.0
23:55:30,2.0,0.0,1.0,1.0
23:55:35,0.0,3.0,0.0,0.0
23:55:40,2.0,2.0,0.0,6.0
23:55:45,0.0,2.0,0.0,1.0
23:55:50,1.0,2.0,0.0,2.0
23:55:55,2.0,2.0,0.0,0.0
23:56:00,4.0,2.0,0.0,2.0
23:56:05,2.0,2.0,1.0,0.0
23:56:10,2.0,3.0,2.0,0.0
23:56:15,1.0,2.0,1.0,2.0
23:56:20,2.0,1.0,1.0,1.0
23:56:25,1.0,1.0,4.0,4.0
23:56:30,2.0,0.0,0.0,2.0
23:56:35,1.0,0.0,2.0,2.0
23:56:40,1.0,0.0,1.0,0.0
23:56:45,0.0,2.0,0.0,1.0
23:56:50,0.0,0.0,1.0,4.0
23:56:55,1.0,2.0,2.0,2.0
23:57:00,0.0,1.0,1.0,0.0
23:57:05,1.0,0.0,1.0,2.0
23:57:10,1.0,0.0,1.0,0.0
23:57:15,0.0,3.0,2.0,0.0
23:57:20,2.0,1.0,1.0,3.0
23:57:25,2.0,1.0,2.0,2.0
23:57:30,1.0,3.0,1.0,1.0
23:57:35,2.0,5.0,2.0,0.0
23:57:40,2.0,3.0,0.0,3.0
23:57:45,3.0,2.0,0.0,3.0
23:57:50,3.0,0.0,2.0,2.0
23:57:55,2.0,2.0,0.0,1.0
23:58:00,2.0,2.0,0.0,4.0
23:58:05,2.0,2.0,2.0,1.0
23:58:10,2.0,1.0,2.0,3.0
23:58:15,1.0,1.0,3.0,1.0
23:58:20,1.0,2.0,2.0,1.0
23:58:25,2.0,1.0,2.0,0.0
23:58:30,0.0,2.0,2.0,0.0
23:58:35,4.0,2.0,3.0,1.0
23:58:40,1.0,2.0,1.0,0.0
23:58:45,2.0,1.0,3.0,3.0
23:58:50,2.0,1.0,1.0,1.0
23:58:55,1.0,0.0,0.0,2.0
23:59:00,1.0,0.0,2.0,0.0
23:59:05,1.0,2.0,0.0,1.0
23:59:10,0.0,1.0,1.0,1.0
23:59:15,0.0,0.0,1.0,2.0
23:59:20,2.0,2.0,0.0,4.0
23:59:25,2.0,2.0,2.0,1.0
23:59:30,2.0,1.0,0.0,0.0
23:59:35,2.0,5.0,1.0,1.0
23:59:40,3.0,2.0,1.0,2.0
23:59:45,2.0,2.0,2.0,0.0
23:59:50,2.0,2.0,2.0,0.0
23:59:55,3.0,3.0,0.0,2.0
